Actual_2025,Predicted_2025,Residual,Absolute_Error,Percentage_Error
6.0,5.945788071168024,0.05421192883197623,0.05421192883197623,0.9035321471996038
5.3,5.274932401844352,0.02506759815564763,0.02506759815564763,0.47297355010655906
4.7,4.684171273315289,0.01582872668471147,0.01582872668471147,0.33678141882364826
6.9,6.974313409558861,-0.07431340955886068,0.07431340955886068,1.077005935635662
5.7,5.707335883900638,-0.007335883900637441,0.007335883900637441,0.1286997175550428
4.7,4.815700013846763,-0.1157000138467632,0.1157000138467632,2.4617024222715576
4.8,4.7949734526251175,0.005026547374882284,0.005026547374882284,0.10471973697671426
4.6,4.6160281861027235,-0.01602818610272383,0.01602818610272383,0.34843882832008327
5.3,5.291351821506236,0.008648178493763758,0.008648178493763758,0.16317317912761808
4.5,4.5464801516150235,-0.0464801516150235,0.0464801516150235,1.0328922581116333
4.5,4.546571860803933,-0.04657186080393316,0.04657186080393316,1.0349302400874036
5.7,5.648015111995201,0.0519848880047995,0.0519848880047995,0.9120155790315702
5.0,5.050984142752439,-0.0509841427524389,0.0509841427524389,1.019682855048778
5.0,5.005493631480545,-0.005493631480544714,0.005493631480544714,0.10987262961089429
5.3,5.238063287587593,0.061936712412406614,0.061936712412406614,1.1686172153284267
5.2,5.181949679115761,0.018050320884238857,0.018050320884238857,0.3471215554661319
4.8,4.763186770551868,0.036813229448132034,0.036813229448132034,0.7669422801694175
5.2,5.176551790954979,0.02344820904502143,0.02344820904502143,0.45092709701964284
5.0,5.000299293723812,-0.0002992937238124327,0.0002992937238124327,0.005985874476248654
5.0,4.985045763216289,0.014954236783711217,0.014954236783711217,0.29908473567422433
5.0,5.00049069541252,-0.0004906954125196705,0.0004906954125196705,0.00981390825039341
5.5,5.43620985052729,0.06379014947270978,0.06379014947270978,1.1598208995038142
5.8,5.751433706511928,0.048566293488072176,0.048566293488072176,0.8373498877253823
5.0,5.013109797363846,-0.013109797363846099,0.013109797363846099,0.26219594727692197
4.8,4.7477146312424,0.052285368757599926,0.052285368757599926,1.0892785157833318
4.8,4.901589643373023,-0.10158964337302301,0.10158964337302301,2.116450903604646
6.3,6.351671241273413,-0.05167124127341349,0.05167124127341349,0.8201784329113252
6.3,6.33452244208702,-0.034522442087020266,0.034522442087020266,0.547975271222544
4.7,4.7422320474182005,-0.0422320474182003,0.0422320474182003,0.8985542003872405
4.7,4.731580062023424,-0.03158006202342367,0.03158006202342367,0.6719162132643335
4.5,4.547498092502234,-0.04749809250223436,0.04749809250223436,1.055513166716319
5.1,5.106180577881705,-0.006180577881705673,0.006180577881705673,0.12118780160207203
5.0,5.016717401923625,-0.01671740192362492,0.01671740192362492,0.3343480384724984
4.2,4.282017896451313,-0.08201789645131274,0.08201789645131274,1.9528070583645891
5.1,4.930688874702233,0.16931112529776637,0.16931112529776637,3.319825986230714
5.5,5.5229033248066735,-0.022903324806673453,0.022903324806673453,0.4164240873940628
5.4,5.389078744558081,0.010921255441919797,0.010921255441919797,0.20224547114666291
4.1,4.116277908055638,-0.016277908055638335,0.016277908055638335,0.397022147698496
5.5,5.494222047458239,0.005777952541761167,0.005777952541761167,0.10505368257747576
5.9,5.959969380880428,-0.05996938088042736,0.05996938088042736,1.016430184414023
4.9,4.860544378640722,0.03945562135927805,0.03945562135927805,0.8052167624342459
4.7,4.719502291889671,-0.019502291889670786,0.019502291889670786,0.41494238063129335
5.5,5.420505920405279,0.07949407959472143,0.07949407959472143,1.445346901722208
4.8,4.7634173335097705,0.03658266649022934,0.03658266649022934,0.7621388852131114
5.7,5.693615437171486,0.006384562828514184,0.006384562828514184,0.11200987418445937
5.0,5.004547057870734,-0.004547057870733617,0.004547057870733617,0.09094115741467235
4.7,4.736060494586322,-0.0360604945863221,0.0360604945863221,0.7672445656664276
7.3,7.297665643633804,0.0023343563661955002,0.0023343563661955002,0.03197748446843151
6.4,6.4210141722330105,-0.021014172233010164,0.021014172233010164,0.3283464411407838
6.4,6.457559288101182,-0.057559288101181494,0.057559288101181494,0.8993638765809608
5.2,5.211943542358991,-0.011943542358991088,0.011943542358991088,0.22968350690367478
8.0,8.150227582148558,-0.15022758214855791,0.15022758214855791,1.877844776856974
6.2,6.112174390474236,0.08782560952576457,0.08782560952576457,1.416542089125235
5.4,5.382558458703599,0.017441541296401297,0.017441541296401297,0.32299150548891287
5.3,5.316362480548438,-0.016362480548438363,0.016362480548438363,0.3087260480837427
5.2,5.215077196505237,-0.015077196505236756,0.015077196505236756,0.2899460866391684
6.0,5.999912220895703,8.777910429724756e-05,8.777910429724756e-05,0.0014629850716207926
5.0,4.94709375078821,0.05290624921178999,0.05290624921178999,1.0581249842357998
5.0,4.947189451632564,0.05281054836743593,0.05281054836743593,1.0562109673487186
6.1,6.0551226429283025,0.044877357071697155,0.044877357071697155,0.7356943782245435
5.6,5.573892183451176,0.02610781654882377,0.02610781654882377,0.4662110098004245
5.6,5.562757152752771,0.037242847247228816,0.037242847247228816,0.6650508437005146
6.3,6.1610876962072645,0.13891230379273534,0.13891230379273534,2.204957203059291
5.6,5.60217016503512,-0.0021701650351202417,0.0021701650351202417,0.038752947055718606
5.4,5.38470434355358,0.015295656446419947,0.015295656446419947,0.28325289715592494
5.7,5.7152552569741655,-0.015255256974165299,0.015255256974165299,0.26763608726605786
5.5,5.457917084377975,0.04208291562202504,0.04208291562202504,0.7651439204004553
5.6,5.594199514079196,0.005800485920803844,0.005800485920803844,0.10358010572864007
5.5,5.458108486066683,0.041891513933316915,0.041891513933316915,0.7616638896966712
5.9,5.8920446641079165,0.007955335892083859,0.007955335892083859,0.13483620156074336
6.6,6.636393003752003,-0.036393003752003494,0.036393003752003494,0.5514091477576287
6.1,6.132722182842385,-0.03272218284238537,0.03272218284238537,0.5364292269243504
5.3,5.303220275503641,-0.0032202755036410124,0.0032202755036410124,0.06075991516303797
5.5,5.582766587995812,-0.08276658799581238,0.08276658799581238,1.504847054469316
7.0,7.012878877616761,-0.012878877616761208,0.012878877616761208,0.18398396595373154
6.6,6.600875388093373,-0.000875388093373175,0.000875388093373175,0.013263455960199622
5.3,5.323615409284684,-0.023615409284683864,0.023615409284683864,0.4455737600883748
5.2,5.177505031104901,0.022494968895099277,0.022494968895099277,0.4325955556749861
5.2,5.197932188974244,0.00206781102575615,0.00206781102575615,0.03976559664915673
5.4,5.409114492314084,-0.00911449231408401,0.00911449231408401,0.16878689470525945
6.0,5.956529833112522,0.04347016688747818,0.04347016688747818,0.7245027814579696
4.5,4.491236287583292,0.008763712416707925,0.008763712416707925,0.19474916481573165
6.1,5.889704857547043,0.21029514245295644,0.21029514245295644,3.4474613516878105
6.3,6.342994377665935,-0.04299437766593517,0.04299437766593517,0.6824504391418281
5.8,5.77040644513045,0.02959355486954962,0.02959355486954962,0.5102337046474072
4.0,4.034666410455334,-0.03466641045533425,0.03466641045533425,0.8666602613833563
5.9,5.927449549182452,-0.02744954918245135,0.02744954918245135,0.4652465963127347
6.1,6.11655915783809,-0.016559157838090144,0.016559157838090144,0.27146160390311713
5.5,5.492671521249515,0.0073284787504848126,0.0073284787504848126,0.13324506819063295
5.3,5.332210462656815,-0.03221046265681515,0.03221046265681515,0.6077445784304746
6.1,6.027456031776205,0.07254396822379494,0.07254396822379494,1.18924538071795
5.3,5.2965010013563765,0.0034989986436233522,0.0034989986436233522,0.06601884233251609
6.0,5.9405195579878685,0.05948044201213154,0.05948044201213154,0.9913407002021923
5.2,5.141736956855151,0.05826304314484876,0.05826304314484876,1.1204431374009376
5.2,5.186406241808393,0.013593758191607463,0.013593758191607463,0.261418426761682
7.7,7.781086094066622,-0.08108609406662204,0.08108609406662204,1.053066156709377
5.4,5.4956619077036795,-0.0956619077036791,0.0956619077036791,1.7715168093273905
6.2,6.174735694921974,0.025264305078025906,0.025264305078025906,0.407488791581063
5.8,5.87043749153364,-0.07043749153364054,0.07043749153364054,1.214439509200699
4.9,4.9169737314695325,-0.016973731469532183,0.016973731469532183,0.3464026830516772
7.5,7.532141793383776,-0.03214179338377576,0.03214179338377576,0.42855724511701015
5.9,5.901553121250081,-0.001553121250080558,0.001553121250080558,0.026324088984416235
5.1,5.123101400719623,-0.0231014007196233,0.0231014007196233,0.4529686415612412
4.8,4.961420298652365,-0.16142029865236474,0.16142029865236474,3.362922888590932
5.0,4.976412817833668,0.02358718216633182,0.02358718216633182,0.4717436433266364
4.9,5.019667023559457,-0.11966702355945635,0.11966702355945635,2.442184154274619
5.7,5.77338161569194,-0.07338161569193957,0.07338161569193957,1.2873967665252557
4.7,4.729962463617618,-0.029962463617617452,0.029962463617617452,0.6374992259067543
4.7,4.833672164406632,-0.1336721644066321,0.1336721644066321,2.8440886043964273
5.9,5.952799733582459,-0.05279973358245904,0.05279973358245904,0.8949107386857464
5.3,5.274303265527981,0.025696734472019145,0.025696734472019145,0.48484404664187064
5.3,5.242735735805122,0.05726426419487751,0.05726426419487751,1.080457814997689
5.8,5.720530155648863,0.07946984435113702,0.07946984435113702,1.3701697301920177
5.4,5.411797181487285,-0.01179718148728437,0.01179718148728437,0.2184663238385994
5.1,5.130294970463599,-0.030294970463599746,0.030294970463599746,0.5940190286980342
5.4,5.4713553206202015,-0.07135532062020111,0.07135532062020111,1.3213948263000204
5.2,5.204573297659956,-0.004573297659955955,0.004573297659955955,0.0879480319222299
5.3,5.272954330228096,0.027045669771903924,0.027045669771903924,0.510295656073659
5.2,5.204393231873586,-0.004393231873585535,0.004393231873585535,0.08448522833818337
5.7,5.736036743557037,-0.036036743557036566,0.036036743557036566,0.6322235711760801
6.2,6.153906353363773,0.04609364663622717,0.04609364663622717,0.743445913487535
5.9,5.8312550288693625,0.06874497113063782,0.06874497113063782,1.1651690022142003
5.5,5.4210351147139235,0.07896488528607648,0.07896488528607648,1.4357251870195724
5.1,4.978803399160955,0.1211966008390446,0.1211966008390446,2.3764039380204824
5.1,5.220953261359571,-0.1209532613595714,0.1209532613595714,2.371632575677871
6.6,6.558396379328571,0.04160362067142831,0.04160362067142831,0.6303578889610351
6.4,6.372711209929831,0.02728879007016971,0.02728879007016971,0.42638734484640173
5.0,5.061019874914357,-0.0610198749143569,0.0610198749143569,1.220397498287138
4.9,4.9415754953649795,-0.041575495364979176,0.041575495364979176,0.8484794972444729
4.8,4.766009225127868,0.03399077487213198,0.03399077487213198,0.7081411431694162
5.2,5.179680063020694,0.02031993697930634,0.02031993697930634,0.39076801883281426
5.5,5.585059269476787,-0.08505926947678688,0.08505926947678688,1.5465321723052161
4.4,4.500722967712223,-0.10072296771222256,0.10072296771222256,2.289158357095967
5.6,5.442017147854082,0.1579828521459179,0.1579828521459179,2.821122359748534
5.9,5.986882812381662,-0.08688281238166162,0.08688281238166162,1.4725900403671461
5.6,5.615354172691207,-0.015354172691207424,0.015354172691207424,0.2741816552001326
4.0,4.077774716438557,-0.07777471643855716,0.07777471643855716,1.944367910963929
5.7,5.760893980594668,-0.060893980594667774,0.060893980594667774,1.0683154490292592
6.0,5.961266993580975,0.038733006419024996,0.038733006419024996,0.6455501069837499
5.2,5.221118285694363,-0.021118285694362804,0.021118285694362804,0.4061208787377462
5.0,5.0400251305568275,-0.04002513055682755,0.04002513055682755,0.8005026111365509
5.8,5.721814216641745,0.0781857833582551,0.0781857833582551,1.3480307475561224
5.0,5.123481229452908,-0.12348122945290818,0.12348122945290818,2.4696245890581636
4.8,4.824723821762378,-0.024723821762377973,0.024723821762377973,0.5150796200495411
5.9,5.931948938492433,-0.031948938492432966,0.031948938492432966,0.541507432075135
5.1,5.0760728146136564,0.023927185386343197,0.023927185386343197,0.46916049777143526
5.0,5.01993124072815,-0.01993124072815,0.01993124072815,0.3986248145630001
5.1,5.076380160443962,0.02361983955603808,0.02361983955603808,0.46313410894192314
7.5,7.259270141966688,0.24072985803331193,0.24072985803331193,3.2097314404441595
4.4,4.468389110847446,-0.0683891108474457,0.0683891108474457,1.554297973805584
5.5,5.56198627625373,-0.06198627625373021,0.06198627625373021,1.1270232046132767
9.3,9.659180432046924,-0.35918043204692296,0.35918043204692296,3.862155183300246
21.0,20.977479855493023,0.022520144506977147,0.022520144506977147,0.10723878336655783
15.8,15.719223347573273,0.08077665242672794,0.08077665242672794,0.5112446356122021
16.0,16.070629047331515,-0.07062904733151498,0.07062904733151498,0.44143154582196864
19.9,19.893301242373113,0.006698757626885765,0.006698757626885765,0.03366209862756666
17.4,17.25333429651564,0.14666570348435926,0.14666570348435926,0.8429063418641337
12.8,12.728071181324617,0.07192881867538325,0.07192881867538325,0.5619438959014317
15.8,15.835602736349626,-0.03560273634962563,0.03560273634962563,0.22533377436471919
16.2,16.227483483375998,-0.02748348337599893,0.02748348337599893,0.16965113195061068
14.7,14.691486485526845,0.008513514473154515,0.008513514473154515,0.057915064443228
15.0,15.044836758826685,-0.04483675882668514,0.04483675882668514,0.29891172551123424
15.0,15.044932459671038,-0.044932459671038316,0.044932459671038316,0.29954973114025546
18.5,18.531205857153658,-0.0312058571536582,0.0312058571536582,0.16868030893869296
15.6,15.535618164689811,0.06438183531018815,0.06438183531018815,0.4127040725012061
15.6,15.535747419090992,0.06425258090900776,0.06425258090900776,0.4118755186474856
14.6,14.475665880451043,0.12433411954895668,0.12433411954895668,0.8516035585544979
16.9,16.837964607940577,0.06203539205942121,0.06203539205942121,0.3670733257953918
14.3,14.340736332844658,-0.0407363328446575,0.0407363328446575,0.28486946045215034
15.4,15.319244786117991,0.0807552138820089,0.0807552138820089,0.5243845057273305
16.0,15.97010647787075,0.02989352212924956,0.02989352212924956,0.18683451330780976
15.4,15.26839306562907,0.13160693437093052,0.13160693437093052,0.8545904829281202
16.0,15.970299143644246,0.029700856355754368,0.029700856355754368,0.1856303522234648
16.6,16.39436384218989,0.2056361578101118,0.2056361578101118,1.2387720350006732
16.8,16.80867085575108,-0.008670855751081064,0.008670855751081064,0.05161223661357776
16.0,16.045565468342133,-0.04556546834213293,0.04556546834213293,0.2847841771383308
15.0,14.889436844837387,0.1105631551626125,0.1105631551626125,0.7370877010840834
15.3,15.281749976929067,0.018250023070933707,0.018250023070933707,0.11928119654205037
17.9,17.951394024559804,-0.05139402455980502,0.05139402455980502,0.2871174556413688
20.1,19.97083266353377,0.12916733646623157,0.12916733646623157,0.6426235645086148
14.2,14.146336465765014,0.05366353423498538,0.05366353423498538,0.37791221292243227
15.1,15.26006163656355,-0.160061636563551,0.160061636563551,1.060010838169212
13.8,13.946831611250712,-0.1468316112507111,0.1468316112507111,1.0639971829761672
18.2,18.249258628014204,-0.04925862801420422,0.04925862801420422,0.2706518022758474
13.3,13.06859959366018,0.23140040633982117,0.23140040633982117,1.7398526792467757
12.9,12.92682493724087,-0.026824937240869318,0.026824937240869318,0.2079452499292195
14.3,14.649991207237981,-0.3499912072379807,0.3499912072379807,2.4474909597061587
16.5,16.53076542122556,-0.03076542122555992,0.03076542122555992,0.1864570983367268
16.9,17.243058329274334,-0.343058329274335,0.343058329274335,2.0299309424516863
17.3,17.15985471231305,0.140145287686952,0.140145287686952,0.8100883681326705
18.4,18.333696306282157,0.06630369371784184,0.06630369371784184,0.36034616151001003
18.3,18.403221108996867,-0.1032211089968662,0.1032211089968662,0.5640497759391596
14.5,14.553529794067806,-0.053529794067806336,0.053529794067806336,0.3691709935710782
14.7,14.723991874448545,-0.023991874448546113,0.023991874448546113,0.16321003026221848
15.3,15.192572097197669,0.10742790280233194,0.10742790280233194,0.702143155570797
14.9,14.827481321809385,0.0725186781906153,0.0725186781906153,0.48670253819204906
16.9,16.922844008842034,-0.022844008842035635,0.022844008842035635,0.1351716499528736
14.4,14.377516601555715,0.02248339844428493,0.02248339844428493,0.15613471141864535
14.6,14.732418566676078,-0.132418566676078,0.132418566676078,0.9069764840827259
22.2,22.04007848197675,0.15992151802324983,0.15992151802324983,0.7203671983029272
21.6,21.59315511997177,0.006844880028232581,0.006844880028232581,0.03168925938996565
18.1,18.048397904655445,0.051602095344556176,0.051602095344556176,0.2850944494174374
17.6,17.71528670709278,-0.11528670709277833,0.11528670709277833,0.655038108481695
21.7,21.566580806095054,0.1334191939049454,0.1334191939049454,0.6148349949536654
18.7,18.59155637845864,0.10844362154135823,0.10844362154135823,0.5799124146596697
14.7,14.764239086532267,-0.06423908653226817,0.06423908653226817,0.43700058865488556
17.2,17.206602072157317,-0.006602072157317451,0.006602072157317451,0.03838414044952007
17.8,18.00654695518962,-0.2065469551896193,0.2065469551896193,1.1603761527506702
16.1,16.034763153859927,0.06523684614007408,0.06523684614007408,0.40519780211226136
16.8,16.79003647886043,0.00996352113957144,0.00996352113957144,0.059306673449830004
16.8,16.790132179704784,0.00986782029521649,0.00986782029521649,0.058737025566764814
19.5,19.527742032759292,-0.0277420327592921,0.0277420327592921,0.1422668346630364
17.3,17.35163102017416,-0.05163102017415966,0.05163102017415966,0.29844520331884195
17.3,17.35175899407387,-0.05175899407386808,0.05175899407386808,0.2991849368431681
16.9,16.916787705689835,-0.01678770568983623,0.01678770568983623,0.09933553662624989
17.9,17.856944717642726,0.04305528235727252,0.04305528235727252,0.2405323036719135
16.1,16.1229558826833,-0.022955882683298512,0.022955882683298512,0.14258312225651248
17.0,16.976059336976952,0.023940663023047648,0.023940663023047648,0.14082742954733912
17.7,17.6131923063328,0.08680769366720043,0.08680769366720043,0.4904389472723188
17.2,17.263916722358623,-0.06391672235862345,0.06391672235862345,0.37160885092222934
17.7,17.61578236144272,0.0842176385572806,0.0842176385572806,0.47580586755525767
18.0,17.93454740144074,0.06545259855926133,0.06545259855926133,0.3636255475514519
18.4,18.380783969232922,0.01921603076707612,0.01921603076707612,0.10443494982106587
19.0,18.980266599808367,0.019733400191633166,0.019733400191633166,0.10386000100859562
17.4,17.20597303089086,0.19402696910913875,0.19402696910913875,1.1150975236157399
17.4,17.314115054759846,0.08588494524015289,0.08588494524015289,0.4935916393112236
19.2,19.084256064459176,0.11574393554082363,0.11574393554082363,0.6028329976084564
20.7,20.782286238241483,-0.08228623824148329,0.08228623824148329,0.39751805913760047
16.2,16.141328632816254,0.058671367183745105,0.058671367183745105,0.3621689332329945
16.2,16.23962127794516,-0.03962127794516235,0.03962127794516235,0.24457578978495276
16.5,16.54480016282742,-0.044800162827421275,0.044800162827421275,0.27151613834800775
19.1,19.215193940382974,-0.11519394038297293,0.11519394038297293,0.6031096355129473
16.1,16.150441351811793,-0.050441351811791435,0.050441351811791435,0.31330032181236916
13.8,13.618739438394973,0.18126056160502735,0.18126056160502735,1.3134823304712127
15.9,15.997214734976206,-0.09721473497620536,0.09721473497620536,0.6114134275233042
18.2,18.358036388177254,-0.15803638817725485,0.15803638817725485,0.86833180317173
18.1,18.317784868262578,-0.21778486826257648,0.21778486826257648,1.2032313163678259
19.9,19.805427567785173,0.09457243221482514,0.09457243221482514,0.4752383528383173
19.3,19.30053550608836,-0.000535506088358062,0.000535506088358062,0.002774642944860425
19.1,18.95538470714103,0.14461529285897257,0.14461529285897257,0.7571481301516888
16.2,16.20976007839009,-0.009760078390090854,0.009760078390090854,0.06024739746969663
16.8,16.745513560560667,0.05448643943933362,0.05448643943933362,0.3243240442817477
17.4,17.2689009086346,0.13109909136539954,0.13109909136539954,0.7534430538241353
16.5,16.405680245358646,0.09431975464135434,0.09431975464135434,0.5716348766142687
18.0,18.16768384707168,-0.16768384707167883,0.16768384707167883,0.9315769281759935
15.9,15.81001762806681,0.08998237193319092,0.08998237193319092,0.5659268675043454
16.0,16.069398081940356,-0.06939808194035635,0.06939808194035635,0.4337380121272272
23.2,23.23333591561653,-0.03333591561652938,0.03333591561652938,0.14368929145055767
16.6,16.39188735013682,0.2081126498631818,0.2081126498631818,1.253690661826396
21.3,21.488261545945,-0.1882615459450001,0.1882615459450001,0.8838570232159628
16.9,16.90920178360801,-0.009201783608013159,0.009201783608013159,0.0544484237160542
16.8,16.81900878218901,-0.019008782189008144,0.019008782189008144,0.11314751302981038
20.8,20.947893555558586,-0.14789355555858563,0.14789355555858563,0.711026709416277
18.0,17.814947556737906,0.18505244326209436,0.18505244326209436,1.0280691292338575
13.7,13.623175782069202,0.07682421793079719,0.07682421793079719,0.5607607148233371
17.0,16.727179060001482,0.27282093999851753,0.27282093999851753,1.6048290588148089
16.5,16.525172065311523,-0.02517206531152283,0.02517206531152283,0.15255797158498682
17.0,17.197161139455837,-0.19716113945583658,0.19716113945583658,1.1597714085637445
15.4,15.299481414633586,0.10051858536641411,0.10051858536641411,0.6527180867948968
15.9,15.850747651065955,0.04925234893404529,0.04925234893404529,0.3097632008430521
15.9,15.962855626435474,-0.06285562643547316,0.06285562643547316,0.39531840525454814
19.0,19.00020692375704,-0.00020692375704101096,0.00020692375704101096,0.001089072405479005
16.4,16.262600480544222,0.13739951945577644,0.13739951945577644,0.8378019479010759
16.4,16.37782081899789,0.022179181002108805,0.022179181002108805,0.13523890854944395
15.7,15.673134242576293,0.026865757423706782,0.026865757423706782,0.17111947403634895
17.4,17.329278960268674,0.07072103973132471,0.07072103973132471,0.40644275707657884
15.2,15.220784128958076,-0.02078412895807702,0.02078412895807702,0.1367376905136646
16.2,15.946512300822299,0.2534876991777004,0.2534876991777004,1.5647388838129657
16.8,16.70096752443289,0.09903247556711037,0.09903247556711037,0.5894790212327997
16.3,16.16727534417044,0.13272465582955917,0.13272465582955917,0.8142616922058844
16.8,16.7011589261216,0.09884107387840046,0.09884107387840046,0.5883397254666695
17.3,17.307651833537264,-0.007651833537263286,0.007651833537263286,0.04423025166048142
17.6,17.591434378476684,0.00856562152331719,0.00856562152331719,0.04866830410975676
17.9,17.79535458871282,0.10464541128717997,0.10464541128717997,0.5846112362412289
17.4,17.12982734633289,0.2701726536671103,0.2701726536671103,1.5527164003856915
16.2,16.11599550652697,0.08400449347302796,0.08400449347302796,0.5185462560063455
16.3,16.24918726758505,0.050812732414950545,0.050812732414950545,0.3117345546929481
18.5,18.362699095997378,0.13730090400262185,0.13730090400262185,0.7421670486628208
20.4,20.473170297052754,-0.07317029705275502,0.07317029705275502,0.3586779267291913
15.2,15.10208767650741,0.09791232349259005,0.09791232349259005,0.6441600229775661
15.6,15.69859124276463,-0.0985912427646305,0.0985912427646305,0.6319951459271185
15.0,15.184653940926529,-0.18465394092652865,0.18465394092652865,1.2310262728435244
18.6,18.871420326478123,-0.27142032647812186,0.27142032647812186,1.4592490670866767
14.6,14.459013363712204,0.14098663628779562,0.14098663628779562,0.9656618923821618
13.4,13.42694122985902,-0.0269412298590197,0.0269412298590197,0.20105395417178878
15.1,15.331245633202085,-0.2312456332020858,0.2312456332020858,1.5314280344508995
17.3,17.437388726143467,-0.13738872614346676,0.13738872614346676,0.7941544863784206
17.5,17.521729604409195,-0.021729604409195247,0.021729604409195247,0.12416916805254427
18.7,18.585662056561645,0.11433794343835402,0.11433794343835402,0.6114328526115188
18.8,18.69418491133969,0.10581508866031086,0.10581508866031086,0.5628462162782493
18.7,18.517832097934985,0.18216790206501443,0.18216790206501443,0.9741599040909863
15.4,15.230333684734061,0.169666315265939,0.169666315265939,1.1017293199086948
15.7,15.618746005125884,0.08125399487411578,0.08125399487411578,0.5175413686249413
16.3,15.929041695750135,0.3709583042498661,0.3709583042498661,2.2758178174838406
15.6,15.791536395972951,-0.19153639597295147,0.19153639597295147,1.2277974100830222
20.5,20.245846622819727,0.2541533771802733,0.2541533771802733,1.2397725716110892
17.5,17.644230128689614,-0.14423012868961393,0.14423012868961393,0.8241721639406511
15.2,15.011454761618715,0.188545238381284,0.188545238381284,1.2404291998768686
15.3,15.239532991059129,0.06046700894087209,0.06046700894087209,0.39520920876386983
14.4,14.467401996726514,-0.06740199672651315,0.06740199672651315,0.46806942171189686
22.7,22.59302757833626,0.10697242166373755,0.10697242166373755,0.47124414829840333
16.5,16.446032099462656,0.05396790053734435,0.05396790053734435,0.32707818507481423
18.5,18.663699479234232,-0.16369947923423211,0.16369947923423211,0.8848620499147681
25.8,25.779949786551988,0.0200502134480125,0.0200502134480125,0.07771400561245155
7.0,6.960228240659939,0.03977175934006105,0.03977175934006105,0.5681679905723007
5.0,5.003378425043193,-0.0033784250431931895,0.0033784250431931895,0.06756850086386379
5.2,5.259819941506415,-0.05981994150641512,0.05981994150641512,1.150383490507983
5.9,5.824521643690867,0.07547835630913369,0.07547835630913369,1.2792941747310793
5.7,5.6918608911383926,0.008139108861607625,0.008139108861607625,0.14279138353697587
4.1,4.215402297358803,-0.11540229735880292,0.11540229735880292,2.814690179482998
5.0,5.048026305371158,-0.04802630537115782,0.04802630537115782,0.9605261074231564
5.1,5.160287420258563,-0.060287420258563706,0.060287420258563706,1.1821062795796806
4.7,4.735174568900975,-0.03517456890097481,0.03517456890097481,0.748395082999464
5.0,5.005045809382404,-0.005045809382403732,0.005045809382403732,0.10091618764807464
5.0,5.005141510226758,-0.005141510226757795,0.005141510226757795,0.10283020453515589
6.2,6.1944832282113005,0.0055167717886996925,0.0055167717886996925,0.08898019014031762
5.1,5.088286290333379,0.011713709666620886,0.011713709666620886,0.22968058169844877
5.1,5.08841643551819,0.011583564481809638,0.011583564481809638,0.22712871532960077
4.7,4.732176139908094,-0.03217613990809376,0.03217613990809376,0.6845987214488034
5.4,5.372443047673866,0.027556952326134088,0.027556952326134088,0.510313931965446
4.7,4.708868602567291,-0.008868602567290829,0.008868602567290829,0.1886936716444857
5.1,5.048103207628561,0.05189679237143885,0.05189679237143885,1.0175841641458598
5.2,5.1216493228046716,0.07835067719532862,0.07835067719532862,1.5067437922178581
5.1,5.037711092304343,0.06228890769565698,0.06228890769565698,1.221351131287392
5.2,5.121840724493379,0.07815927550662138,0.07815927550662138,1.5030629905119497
5.3,5.2034501940771785,0.09654980592282136,0.09654980592282136,1.8216944513739879
5.5,5.459824646528974,0.0401753534710263,0.0401753534710263,0.7304609722004781
5.3,5.216248962503332,0.08375103749666746,0.08375103749666746,1.580208254654103
4.7,4.7779927559348225,-0.07799275593482236,0.07799275593482236,1.6594203390387734
5.1,5.106308140519155,-0.006308140519155181,0.006308140519155181,0.1236890297873565
5.7,5.73612631251665,-0.036126312516650216,0.036126312516650216,0.6337949564324599
6.4,6.3921413603260895,0.007858639673910872,0.007858639673910872,0.12279124490485738
4.7,4.729894358250587,-0.02989435825058706,0.02989435825058706,0.6360501755444056
5.0,5.009564108350967,-0.009564108350967437,0.009564108350967437,0.19128216701934875
4.3,4.220663548435491,0.07933645156450897,0.07933645156450897,1.8450337573141622
5.7,5.6374904006390905,0.06250959936090972,0.06250959936090972,1.0966596379106968
4.3,4.485404732982377,-0.18540473298237714,0.18540473298237714,4.311737976334353
4.4,4.393370154305737,0.006629845694263281,0.006629845694263281,0.1506783112332564
4.1,4.0703461276104695,0.0296538723895301,0.0296538723895301,0.7232651802324416
5.1,5.083926357168589,0.016073642831410773,0.016073642831410773,0.3151694672825642
5.6,5.587830988557293,0.012169011442706434,0.012169011442706434,0.2173037757626149
5.4,5.349739072233393,0.05026092776660729,0.05026092776660729,0.9307579216038386
6.5,6.477873584186304,0.022126415813695566,0.022126415813695566,0.34040639713377796
5.9,5.864835410212125,0.0351645897878754,0.0351645897878754,0.5960099964046678
4.5,4.602978457580831,-0.10297845758083124,0.10297845758083124,2.2884101684629163
5.0,4.994924699980166,0.005075300019833584,0.005075300019833584,0.10150600039667168
5.0,4.949839459709947,0.05016054029005268,0.05016054029005268,1.0032108058010536
4.9,4.876103577625414,0.023896422374586557,0.023896422374586557,0.4876820892772766
5.5,5.467801221340609,0.03219877865939136,0.03219877865939136,0.585432339261661
4.6,4.655953624892952,-0.05595362489295219,0.05595362489295219,1.216383149846787
4.6,4.604549303324524,-0.004549303324524523,0.004549303324524523,0.09889789835922877
7.4,7.363774266287387,0.036225733712613284,0.036225733712613284,0.48953694206234166
7.2,7.129105961823229,0.07089403817677109,0.07089403817677109,0.9846394191218207
5.5,5.484043854892474,0.015956145107526076,0.015956145107526076,0.2901117292277468
5.7,5.671552075264229,0.0284479247357714,0.0284479247357714,0.49908639887318246
6.6,6.602466654112695,-0.002466654112695643,0.002466654112695643,0.0373735471620552
6.1,6.049586530016717,0.05041346998328233,0.05041346998328233,0.8264503275947923
4.7,4.684001366042463,0.015998633957536867,0.015998633957536867,0.34039646718163546
5.5,5.485120280025568,0.014879719974431715,0.014879719974431715,0.2705403631714857
5.6,5.3954019376327755,0.2045980623672241,0.2045980623672241,3.6535368279861453
5.0,4.975258859586603,0.024741140413397034,0.024741140413397034,0.4948228082679407
5.6,5.5350351912759646,0.0649648087240351,0.0649648087240351,1.1600858700720553
5.6,5.535130892120319,0.06486910787968103,0.06486910787968103,1.1583769264228756
6.4,6.364321611204743,0.0356783887952572,0.0356783887952572,0.5574748249258937
5.7,5.687987979534374,0.012012020465625994,0.012012020465625994,0.2107372011513332
5.7,5.688118124719185,0.011881875280814747,0.011881875280814747,0.20845395229499553
5.3,5.333433185456209,-0.0334331854562091,0.0334331854562091,0.6308148199284737
5.8,5.727497502004089,0.07250249799591124,0.07250249799591124,1.2500430688950215
5.3,5.286772913566836,0.013227086433163393,0.013227086433163393,0.24956766855025272
5.6,5.6471103607736985,-0.0471103607736989,0.0471103607736989,0.8412564423874804
5.8,5.759469365535165,0.04053063446483485,0.04053063446483485,0.6988040424971526
5.6,5.609558260185452,-0.009558260185452028,0.009558260185452028,0.17068321759735766
5.8,5.759660767223873,0.04033923277612672,0.04033923277612672,0.6955040133814953
5.8,5.684396829052293,0.11560317094770678,0.11560317094770678,1.993158119788048
6.1,6.173694983132782,-0.073694983132782,0.073694983132782,1.2081144775865904
6.3,6.333021215884574,-0.03302121588457396,0.03302121588457396,0.5241462838821264
5.6,5.608098488978717,-0.008098488978717455,0.008098488978717455,0.14461587461995457
5.7,5.593052910234354,0.10694708976564637,0.10694708976564637,1.876264732730638
6.2,6.178504074288406,0.02149592571159431,0.02149592571159431,0.34670847921926307
6.6,6.5737222809292355,0.02627771907076415,0.02627771907076415,0.3981472586479417
5.4,5.415799860879182,-0.015799860879181615,0.015799860879181615,0.292590016281141
5.2,5.197681959416867,0.0023180405831331186,0.0023180405831331186,0.04457770352179074
5.2,5.092862800984139,0.10713719901586138,0.10713719901586138,2.0603307503050265
6.0,5.942175490376208,0.05782450962379215,0.05782450962379215,0.9637418270632025
5.2,5.140158407930012,0.05984159206998818,0.05984159206998818,1.1507998474997727
4.6,4.593069802190451,0.006930197809548844,0.006930197809548844,0.15065647412062705
4.4,4.293905561359067,0.10609443864093304,0.10609443864093304,2.411237241839387
5.7,5.692519590387246,0.007480409612754535,0.007480409612754535,0.13123525636411465
6.0,5.898654436228751,0.10134556377124859,0.10134556377124859,1.6890927295208098
5.9,5.936041008507393,-0.036041008507393,0.036041008507393,0.6108645509727627
6.7,6.700219197373053,-0.00021919737305253761,0.00021919737305253761,0.003271602582873696
6.2,6.1694354396149285,0.030564560385071715,0.030564560385071715,0.49297678040438253
5.0,5.046797786166966,-0.04679778616696595,0.04679778616696595,0.935955723339319
5.7,5.65338744019711,0.04661255980288992,0.04661255980288992,0.8177642070682442
5.7,5.651649054632028,0.048350945367972464,0.048350945367972464,0.8482621994381134
5.4,5.418352536269766,-0.01835253626976563,0.01835253626976563,0.33986178277343754
5.8,5.780564290484966,0.019435709515033928,0.019435709515033928,0.33509843991437804
5.1,5.047220229344786,0.052779770655213554,0.052779770655213554,1.0348974638277169
5.0,5.020815482657732,-0.020815482657732254,0.020815482657732254,0.4163096531546451
7.8,7.863021884253542,-0.06302188425354238,0.06302188425354238,0.8079728750454152
5.3,5.274540408815181,0.025459591184818997,0.025459591184818997,0.4803696449965849
7.1,6.951944479607197,0.1480555203928029,0.1480555203928029,2.0852890196169422
5.2,5.024619388187223,0.17538061181277698,0.17538061181277698,3.372704073322634
5.5,5.404058795790064,0.0959412042099359,0.0959412042099359,1.7443855310897438
6.3,6.438346580539246,-0.1383465805392463,0.1383465805392463,2.1959774688769254
5.9,5.82767952572657,0.07232047427343069,0.07232047427343069,1.2257707503971305
4.4,4.452115102154634,-0.052115102154633774,0.052115102154633774,1.1844341398780402
5.2,5.147717820907809,0.052282179092190795,0.052282179092190795,1.005426521003669
5.2,5.260605583212695,-0.060605583212694825,0.060605583212694825,1.1654919848595158
5.3,5.221933913908015,0.07806608609198484,0.07806608609198484,1.4729450206034878
4.8,4.765082245991481,0.03491775400851882,0.03491775400851882,0.7274532085108087
5.3,5.405471956498428,-0.10547195649842855,0.10547195649842855,1.99003691506469
5.3,5.385509355004343,-0.08550935500434331,0.08550935500434331,1.6133840566857227
6.3,6.261931689115717,0.03806831088428275,0.03806831088428275,0.6042589029251231
5.4,5.461800299240472,-0.06180029924047137,0.06180029924047137,1.1444499859346549
5.4,5.4622348392422,-0.06223483924219941,0.06223483924219941,1.1524970230036928
5.0,4.980719377040325,0.019280622959675142,0.019280622959675142,0.38561245919350284
5.6,5.62448837295876,-0.024488372958760607,0.024488372958760607,0.43729237426358225
5.0,5.080584968932194,-0.08058496893219402,0.08058496893219402,1.6116993786438807
5.4,5.431666417057591,-0.03166641705759066,0.03166641705759066,0.5864151306961232
5.5,5.513473757328546,-0.013473757328545943,0.013473757328545943,0.24497740597356263
5.3,5.358989057350192,-0.05898905735019255,0.05898905735019255,1.113001082079105
5.5,5.513665159017254,-0.01366515901725407,0.01366515901725407,0.24845743667734674
5.5,5.494706754143622,0.005293245856377915,0.005293245856377915,0.09624083375232573
5.8,5.86247537406209,-0.062475374062089806,0.062475374062089806,1.0771616217601692
6.0,5.999664713535124,0.0003352864648755727,0.0003352864648755727,0.005588107747926211
5.8,5.693447509061299,0.106552490938701,0.106552490938701,1.8371119127362243
5.2,5.309047370212131,-0.10904737021213062,0.10904737021213062,2.0970648117717428
5.4,5.353046323316325,0.04695367668367556,0.04695367668367556,0.8695125311791769
6.0,6.080425156615039,-0.08042515661503913,0.08042515661503913,1.3404192769173187
6.5,6.389457839041685,0.11054216095831482,0.11054216095831482,1.7006486301279204
5.1,5.115687650406995,-0.0156876504069956,0.0156876504069956,0.3076009883724628
5.1,5.168560043246879,-0.06856004324687959,0.06856004324687959,1.3443145734682274
4.7,4.598490560338172,0.1015094396618279,0.1015094396618279,2.1597753119537852
5.8,5.827992969591854,-0.027992969591854155,0.027992969591854155,0.4826374067561061
4.7,4.6383918311037124,0.06160816889628773,0.06160816889628773,1.3108121041763348
4.5,4.571216387835721,-0.0712163878357206,0.0712163878357206,1.5825863963493465
4.2,4.425478464800745,-0.2254784648007444,0.2254784648007444,5.3685348762082
5.4,5.505079563091063,-0.10507956309106259,0.10507956309106259,1.9459178350196775
5.8,5.736373120599852,0.06362687940014755,0.06362687940014755,1.0970151620715094
5.7,5.735582743462069,-0.03558274346206858,0.03558274346206858,0.6242586572292733
6.6,6.569835644211171,0.0301643557888287,0.0301643557888287,0.45703569377013187
6.0,5.991294046366686,0.008705953633313612,0.008705953633313612,0.14509922722189356
4.7,4.753748764100287,-0.05374876410028673,0.05374876410028673,1.1435907255380156
5.4,5.463490438026912,-0.06349043802691146,0.06349043802691146,1.175748852350212
5.3,5.35334051336644,-0.05334051336644041,0.05334051336644041,1.0064247804988757
5.1,5.0556573095919894,0.0443426904080102,0.0443426904080102,0.8694645178041216
6.9,6.880794323675038,0.019205676324962617,0.019205676324962617,0.27834313514438574
5.6,5.402686233407997,0.19731376659200262,0.19731376659200262,3.5234601177143325
4.9,4.99447947775245,-0.0944794777524498,0.0944794777524498,1.928152607192853
4.8,4.785300932374575,0.014699067625424611,0.014699067625424611,0.3062305755296794
4.6,4.613770289511675,-0.013770289511675138,0.013770289511675138,0.2993541198190247
7.6,7.67784707770807,-0.07784707770807042,0.07784707770807042,1.0243036540535582
5.2,5.161608651036882,0.0383913489631178,0.0383913489631178,0.73829517236765
6.3,6.282004809415166,0.01799519058483412,0.01799519058483412,0.28563794579101776
8.5,8.414938797822956,0.08506120217704449,0.08506120217704449,1.0007200256122881
7.9,7.903977033641598,-0.003977033641597849,0.003977033641597849,0.050342197994909486
5.6,5.586931397663412,0.013068602336587354,0.013068602336587354,0.23336789886763132
6.1,5.986476555150704,0.11352344484929588,0.11352344484929588,1.861040079496654
7.1,7.014954175399229,0.08504582460077081,0.08504582460077081,1.1978285155038144
6.1,6.108895394109153,-0.008895394109153187,0.008895394109153187,0.1458261329369375
3.9,3.904749065281429,-0.0047490652814290435,0.0047490652814290435,0.12177090465202677
6.0,5.947802651286073,0.05219734871392667,0.05219734871392667,0.8699558118987779
6.5,6.474806175557868,0.02519382444213214,0.02519382444213214,0.38759729910972524
4.7,4.735264548415042,-0.03526454841504201,0.03526454841504201,0.7503095407455745
5.5,5.4849014610373965,0.015098538962603492,0.015098538962603492,0.2745188902291544
5.5,5.484997161881751,0.015002838118249429,0.015002838118249429,0.2727788748772623
6.6,6.747160477474797,-0.147160477474797,0.147160477474797,2.229704204163591
5.4,5.337434207539915,0.06256579246008531,0.06256579246008531,1.158625786297876
5.4,5.351192190417418,0.04880780958258235,0.04880780958258235,0.9038483256033769
4.6,4.644746799588159,-0.04474679958815919,0.04474679958815919,0.9727565127860694
6.3,6.273681990509563,0.026318009490436722,0.026318009490436722,0.41774618238788447
4.7,4.729341086023116,-0.029341086023116247,0.029341086023116247,0.6242784260237499
5.2,5.162555138344541,0.037444861655458794,0.037444861655458794,0.7200934933742076
5.9,5.802401178923009,0.09759882107699092,0.09759882107699092,1.6542173063896763
5.3,5.222465618210725,0.07753438178927485,0.07753438178927485,1.4629128639485822
5.9,5.802592580611717,0.09740741938828368,0.09740741938828368,1.6509732099709098
5.8,5.873427325654162,-0.07342732565416199,0.07342732565416199,1.2659883733476205
5.5,5.501170060202057,-0.0011700602020567885,0.0011700602020567885,0.02127382185557797
5.7,5.688933029051856,0.011066970948144572,0.011066970948144572,0.1941573850551679
5.5,5.419752720162149,0.08024727983785063,0.08024727983785063,1.4590414515972843
5.4,5.48265136324785,-0.08265136324784983,0.08265136324784983,1.530580800886108
5.8,5.699449073486111,0.10055092651388886,0.10055092651388886,1.7336366640325667
7.4,7.519185131485489,-0.11918513148548904,0.11918513148548904,1.6106098849390411
4.8,4.761463517076127,0.03853648292387302,0.03853648292387302,0.8028433942473545
5.4,5.339158677680431,0.06084132231956918,0.06084132231956918,1.1266911540660958
5.0,5.0303630680441636,-0.030363068044163555,0.030363068044163555,0.6072613608832711
7.4,7.346323596363123,0.05367640363687709,0.05367640363687709,0.7253568059037444
4.0,4.106985109515852,-0.10698510951585227,0.10698510951585227,2.674627737896307
4.3,4.3744026480328495,-0.07440264803284968,0.07440264803284968,1.7302941402988297
5.1,5.043605812379089,0.05639418762091086,0.05639418762091086,1.1057683847237425
5.9,5.892900767194049,0.007099232805951594,0.007099232805951594,0.12032597976189142
5.9,5.842580017740863,0.05741998225913747,0.05741998225913747,0.9732200382904656
7.9,7.84064752049176,0.05935247950824074,0.05935247950824074,0.7512972089650727
6.4,6.359374327778686,0.040625672221314524,0.040625672221314524,0.6347761284580394
6.5,6.502792139184479,-0.002792139184479403,0.002792139184479403,0.04295598745352928
5.1,5.1760637989261555,-0.07606379892615589,0.07606379892615589,1.4914470377677627
5.0,4.9926650898350795,0.007334910164920494,0.007334910164920494,0.14669820329840988
4.8,4.849413183626219,-0.04941318362621949,0.04941318362621949,1.0294413255462396
5.2,5.198720803765507,0.0012791962344929075,0.0012791962344929075,0.024599927586402066
5.7,5.825278850749135,-0.12527885074913492,0.12527885074913492,2.1978745745462267
4.8,4.823599240605789,-0.02359924060578944,0.02359924060578944,0.4916508459539467
5.3,5.2491275916849105,0.050872408315089324,0.050872408315089324,0.9598567606620627
7.5,7.4730646209548865,0.02693537904511345,0.02693537904511345,0.3591383872681793
8.0,8.022424815030995,-0.022424815030994694,0.022424815030994694,0.28031018788743367
6.2,6.232814051562372,-0.03281405156237138,0.03281405156237138,0.5292588961672804
6.7,6.705939701120916,-0.005939701120915686,0.005939701120915686,0.08865225553605502
7.1,6.947665866523191,0.1523341334768089,0.1523341334768089,2.145551175729703
6.4,6.436936710494055,-0.03693671049405456,0.03693671049405456,0.5771361014696025
4.5,4.378089254369744,0.12191074563025595,0.12191074563025595,2.709127680672354
6.4,6.367431900011703,0.03256809998829713,0.03256809998829713,0.5088765623171426
7.0,7.013709303844488,-0.013709303844487764,0.013709303844487764,0.1958471977783966
5.1,5.12605764180332,-0.026057641803320486,0.026057641803320486,0.5109341530062841
6.2,6.231936603122478,-0.03193660312247815,0.03193660312247815,0.5151065019754539
6.2,6.232032303966832,-0.03203230396683221,0.03203230396683221,0.5166500639811646
7.0,6.972701264834705,0.027298735165294907,0.027298735165294907,0.3899819309327844
5.9,5.8774452724806565,0.022554727519343842,0.022554727519343842,0.38228351727701426
5.9,5.877575417665467,0.022424582334533483,0.022424582334533483,0.38007766668700815
5.3,5.367225333625061,-0.06722533362506145,0.06722533362506145,1.2684025212275745
6.6,6.636847477637051,-0.03684747763705154,0.03684747763705154,0.5582951157129021
5.3,5.337967685596713,-0.03796768559671282,0.03796768559671282,0.716371426353072
5.6,5.587101296332126,0.012898703667874045,0.012898703667874045,0.23033399406917937
6.4,6.321365974884369,0.07863402511563145,0.07863402511563145,1.2286566424317413
5.9,5.796954803139934,0.10304519686006675,0.10304519686006675,1.746528760340114
6.4,6.306537238215646,0.09346276178435442,0.09346276178435442,1.460355652880538
6.3,6.359926858432561,-0.0599268584325614,0.0599268584325614,0.9512199751200222
5.8,5.795905838538151,0.0040941614618486,0.0040941614618486,0.07058899072152759
6.6,6.593182748485434,0.00681725151456547,0.00681725151456547,0.10329168961462833
6.5,6.382148609731549,0.11785139026845126,0.11785139026845126,1.8130983118223272
6.2,6.185595450056907,0.014404549943093592,0.014404549943093592,0.23233145069505792
6.0,5.932643086437298,0.06735691356270213,0.06735691356270213,1.1226152260450353
7.6,7.643143012198976,-0.04314301219897665,0.04314301219897665,0.5676712131444296
5.5,5.514903570846316,-0.014903570846316327,0.014903570846316327,0.2709740153875696
5.8,5.819811173526501,-0.019811173526501413,0.019811173526501413,0.3415719573534726
6.1,5.982518330552941,0.1174816694470584,0.1174816694470584,1.9259290073288262
7.7,7.887446279428985,-0.1874462794289844,0.1874462794289844,2.4343672653114856
4.9,5.024023796000275,-0.1240237960002748,0.1240237960002748,2.531097877556628
4.7,4.689719870035118,0.010280129964882256,0.010280129964882256,0.21872616946557993
5.4,5.426535619337637,-0.026535619337636263,0.026535619337636263,0.4914003581043752
6.2,6.261298200534243,-0.0612982005342424,0.0612982005342424,0.9886806537781031
6.3,6.27410205493891,0.025897945061089445,0.025897945061089445,0.4110784930331658
10.0,9.844630049299916,0.1553699507000843,0.1553699507000843,1.553699507000843
6.7,6.767626125016058,-0.06762612501605769,0.06762612501605769,1.0093451494933985
6.8,6.786423060089221,0.013576939910779018,0.013576939910779018,0.1996608810408679
5.7,5.787602103120504,-0.08760210312050365,0.08760210312050365,1.536879002114099
5.7,5.703082684253803,-0.003082684253802981,0.003082684253802981,0.05408217989128037
5.6,5.577826549418706,0.022173450581293608,0.022173450581293608,0.39595447466595735
5.7,5.651889451992235,0.04811054800776482,0.04811054800776482,0.8440447018906108
6.2,6.158674238816228,0.041325761183772514,0.041325761183772514,0.6665445352221373
5.6,5.591828665550662,0.008171334449337486,0.008171334449337486,0.14591668659531226
5.8,5.916273311580995,-0.1162733115809953,0.1162733115809953,2.00471226863785
7.8,7.849575713729498,-0.04957571372949854,0.04957571372949854,0.6355860734551095
6.0,5.8952619709374225,0.10473802906257745,0.10473802906257745,1.7456338177096242
8.0,8.151036728962001,-0.15103672896200138,0.15103672896200138,1.8879591120250172
5.9,5.875971995209274,0.02402800479072642,0.02402800479072642,0.4072543184868885
6.4,6.500924514968581,-0.10092451496858068,0.10092451496858068,1.5769455463840731
7.1,7.247849344504463,-0.14784934450446308,0.14784934450446308,2.082385133865677
6.2,6.151327660595064,0.04867233940493598,0.04867233940493598,0.7850377323376772
4.2,4.217934672692609,-0.017934672692608622,0.017934672692608622,0.42701601649068144
7.1,6.95400305187458,0.1459969481254193,0.1459969481254193,2.0562950440199903
6.2,6.154234490754649,0.045765509245351055,0.045765509245351055,0.738153374925017
6.7,6.691064379453922,0.008935620546077772,0.008935620546077772,0.13336747083698167
4.9,4.931783841527574,-0.03178384152757374,0.03178384152757374,0.6486498270933416
5.9,5.76111816524814,0.1388818347518601,0.1388818347518601,2.3539294025739
5.9,5.896649898736486,0.0033501012635142047,0.0033501012635142047,0.05678137734769838
6.8,6.840347736372601,-0.040347736372600806,0.040347736372600806,0.593349064302953
5.6,5.618344422480487,-0.018344422480486955,0.018344422480486955,0.3275789728658385
5.6,5.572747288315728,0.027252711684271347,0.027252711684271347,0.4866555657905598
4.9,4.757878824732083,0.142121175267917,0.142121175267917,2.9004321483248368
6.4,6.355198073111492,0.0448019268885087,0.0448019268885087,0.7000301076329485
5.0,5.056284661755496,-0.0562846617554964,0.0562846617554964,1.125693235109928
5.4,5.508743803909468,-0.10874380390946747,0.10874380390946747,2.0137741464716195
6.1,6.03673669477595,0.06326330522404966,0.06326330522404966,1.037103364328683
5.6,5.571851459885221,0.02814854011477852,0.02814854011477852,0.5026525020496164
6.1,6.036928096464658,0.06307190353534153,0.06307190353534153,1.0339656317269104
6.0,6.098475809787026,-0.09847580978702641,0.09847580978702641,1.6412634964504402
5.6,5.622928849502168,-0.022928849502168447,0.022928849502168447,0.4094437411101509
6.0,5.994899502592175,0.005100497407824811,0.005100497407824811,0.08500829013041353
6.1,5.974815192680215,0.12518480731978432,0.12518480731978432,2.0522099560620384
6.0,5.966875323428712,0.033124676571287814,0.033124676571287814,0.5520779428547968
5.8,5.783064821328853,0.016935178671146467,0.016935178671146467,0.2919858391576977
5.9,5.924267378580835,-0.024267378580834276,0.024267378580834276,0.41131150137007244
7.5,7.549539897710991,-0.0495398977109911,0.0495398977109911,0.6605319694798814
5.2,5.204789755539819,-0.004789755539818863,0.004789755539818863,0.09211068345805505
5.6,5.630969803811194,-0.030969803811194296,0.030969803811194296,0.5530322109141839
5.5,5.479025717316173,0.020974282683827283,0.020974282683827283,0.38135059425140516
7.6,7.664446676654093,-0.06444667665409298,0.06444667665409298,0.8479825875538551
4.4,4.467597231964607,-0.06759723196460676,0.06759723196460676,1.5363007264683355
4.5,4.579190751363486,-0.07919075136348575,0.07919075136348575,1.7597944747441276
5.3,5.391428113394726,-0.09142811339472612,0.09142811339472612,1.725058743296719
6.1,6.139517689242115,-0.03951768924211496,0.03951768924211496,0.6478309711822126
6.1,6.022001908281686,0.07799809171831384,0.07799809171831384,1.2786572412838335
9.0,8.933121368084754,0.06687863191524634,0.06687863191524634,0.7430959101694039
6.5,6.475980853752789,0.0240191462472108,0.0240191462472108,0.36952532688016615
6.7,6.66913076702972,0.030869232970280436,0.030869232970280436,0.4607348204519468
5.4,5.534512652314523,-0.13451265231452236,0.13451265231452236,2.490975042861525
5.4,5.473694472625111,-0.07369447262511031,0.07369447262511031,1.364712456020561
5.2,4.979033417596907,0.22096658240309353,0.22096658240309353,4.249357353905644
5.5,5.553531036839251,-0.0535310368392512,0.0535310368392512,0.9732915788954765
8.7,8.770437874979132,-0.07043787497913279,0.07043787497913279,0.8096307468865839
5.9,5.930156349566664,-0.030156349566663465,0.030156349566663465,0.5111245689264994
5.2,5.151504084996922,0.048495915003078593,0.048495915003078593,0.9326137500592037
5.5,5.523597164014846,-0.023597164014845795,0.023597164014845795,0.429039345724469
4.8,4.871478852349973,-0.07147885234997275,0.07147885234997275,1.4891427572910991
7.7,7.541305997114262,0.15869400288573843,0.15869400288573843,2.0609610764381614
6.9,6.939369284315821,-0.03936928431582043,0.03936928431582043,0.570569337910441
6.8,6.9651737596674455,-0.16517375966744563,0.16517375966744563,2.429025877462436
8.0,7.9655196833420066,0.03448031665799345,0.03448031665799345,0.4310039582249181
15.7,15.791933735207266,-0.09193373520726666,0.09193373520726666,0.5855651924029724
17.1,16.93544901144729,0.16455098855271189,0.16455098855271189,0.9622864827643969
13.8,13.703923430066643,0.09607656993335745,0.09607656993335745,0.6962070285025901
19.8,19.79808985031162,0.001910149688381324,0.001910149688381324,0.009647220648390525
15.5,15.557762925162859,-0.057762925162858636,0.057762925162858636,0.3726640333087654
13.1,13.157579771659218,-0.05757977165921879,0.05757977165921879,0.43954024167342587
14.4,14.48525690579317,-0.08525690579316958,0.08525690579316958,0.5920618457858998
14.5,14.542531913745393,-0.04253191374539256,0.04253191374539256,0.2933235430716728
14.8,14.776010267279904,0.023989732720096413,0.023989732720096413,0.16209278864930007
13.4,13.384706811524513,0.01529318847548744,0.01529318847548744,0.11412827220513015
13.4,13.384799280003259,0.01520071999674144,0.01520071999674144,0.11343820893090627
15.0,15.046713206916316,-0.04671320691631564,0.04671320691631564,0.31142137944210424
13.7,13.740035265810217,-0.04003526581021788,0.04003526581021788,0.2922282175928313
13.7,13.740617124027105,-0.040617124027106044,0.040617124027106044,0.2964753578620879
14.5,14.558035448190427,-0.058035448190427275,0.058035448190427275,0.40024447027880883
15.2,15.230003639514688,-0.030003639514688984,0.030003639514688984,0.197392365228217
12.7,12.662787129122062,0.03721287087793712,0.03721287087793712,0.29301473132233957
12.6,12.70941839447999,-0.1094183944799898,0.1094183944799898,0.8683999561903953
14.8,14.795482104871535,0.0045178951284654545,0.0045178951284654545,0.030526318435577394
13.9,13.933533686271465,-0.0335336862714648,0.0335336862714648,0.2412495415213295
14.8,14.78389747786656,0.016102522133440544,0.016102522133440544,0.10880082522594962
14.1,14.145625384853147,-0.04562538485314782,0.04562538485314782,0.32358428973863707
16.0,15.978273080693583,0.021726919306416903,0.021726919306416903,0.13579324566510564
18.1,18.1620747655452,-0.06207476554519786,0.06207476554519786,0.34295450577457376
13.1,12.950824118025146,0.14917588197485365,0.14917588197485365,1.138747190647738
13.6,13.569771026957865,0.03022897304213501,0.03022897304213501,0.22227186060393392
18.3,18.27037944369137,0.029620556308632473,0.029620556308632473,0.16186096343515013
17.8,17.809162781150192,-0.009162781150191535,0.009162781150191535,0.051476298596581656
11.3,10.774156237919259,0.5258437620807417,0.5258437620807417,4.653484620183555
13.7,13.692240099552842,0.007759900447156909,0.007759900447156909,0.0566416091033351
13.4,13.440820565497066,-0.04082056549706614,0.04082056549706614,0.30463108579900106
15.5,15.504330348832921,-0.00433034883292116,0.00433034883292116,0.02793773440594297
13.7,13.864222125226108,-0.16422212522610913,0.16422212522610913,1.1987016439861982
13.3,13.265178972616201,0.03482102738379922,0.03482102738379922,0.26181223596841513
15.9,16.008645978293025,-0.10864597829302447,0.10864597829302447,0.6833080395787702
17.1,17.007356315417667,0.09264368458233463,0.09264368458233463,0.541775933230027
16.0,15.998321963732364,0.0016780362676360738,0.0016780362676360738,0.010487726672725461
12.7,12.66354348425601,0.036456515743989115,0.036456515743989115,0.28705917908652845
14.7,14.739295522425225,-0.039295522425225826,0.039295522425225826,0.26731647908316886
16.1,16.150260969267613,-0.0502609692676117,0.0502609692676117,0.3121799333392031
13.9,14.04348928011305,-0.14348928011304984,0.14348928011304984,1.0322969792305743
12.0,11.77868425285596,0.22131574714403968,0.22131574714403968,1.8442978928669973
14.7,14.809346748410979,-0.1093467484109798,0.1093467484109798,0.7438554313672096
13.6,13.612510093429629,-0.012510093429629165,0.012510093429629165,0.09198598110021446
16.4,16.458692047690917,-0.058692047690918514,0.058692047690918514,0.35787833957877146
14.1,14.134853432685516,-0.034853432685515884,0.034853432685515884,0.24718746585472262
15.3,15.240785183665068,0.05921481633493286,0.05921481633493286,0.38702494336557425
20.9,21.019996589732287,-0.11999658973228833,0.11999658973228833,0.5741463623554466
16.5,16.455626603517857,0.044373396482143335,0.044373396482143335,0.26892967564935355
21.2,21.360308411305,-0.1603084113049995,0.1603084113049995,0.7561717514386769
15.0,15.0160517336049,-0.01605173360490042,0.01605173360490042,0.1070115573660028
22.7,22.872100602728416,-0.17210060272841687,0.17210060272841687,0.7581524349269466
16.6,16.600491495731575,-0.0004914957315733659,0.0004914957315733659,0.0029608176600805173
15.0,15.043726878904932,-0.04372687890493232,0.04372687890493232,0.29151252603288214
15.3,15.395271197276049,-0.09527119727604827,0.09527119727604827,0.6226875638957403
15.9,15.904356390829644,-0.004356390829643786,0.004356390829643786,0.02739868446316846
16.2,16.277526580154642,-0.0775265801546432,0.0775265801546432,0.4785591367570568
14.5,14.573568387056719,-0.07356838705671898,0.07356838705671898,0.5073681865980619
14.5,14.573664087901074,-0.07366408790107393,0.07366408790107393,0.5080281924211995
16.1,16.131268300975066,-0.03126830097506428,0.03126830097506428,0.19421304953456073
15.1,15.155276816874677,-0.05527681687467734,0.05527681687467734,0.366071634931638
15.1,15.092836135680576,0.007163864319423396,0.007163864319423396,0.047442810062406596
16.9,16.966019272112668,-0.06601927211266911,0.06601927211266911,0.390646580548338
16.0,16.006271650693797,-0.006271650693797426,0.006271650693797426,0.03919781683623391
14.0,13.935529536232622,0.0644704637673783,0.0644704637673783,0.4605033126241308
13.9,14.042559878343658,-0.1425598783436577,0.1425598783436577,1.0256106355658827
16.3,16.26859413642442,0.03140586357558206,0.03140586357558206,0.19267400966614762
15.3,15.214820858371775,0.08517914162822571,0.08517914162822571,0.5567264158707562
16.3,16.281813141827193,0.01818685817280752,0.01818685817280752,0.11157581701108905
15.0,15.091874741244695,-0.09187474124469475,0.09187474124469475,0.6124982749646316
17.8,17.93160850808983,-0.1316085080898297,0.1316085080898297,0.7393736409540994
21.1,21.228318326687038,-0.1283183266870367,0.1283183266870367,0.6081437283745814
14.5,14.577280319133553,-0.07728031913355338,0.07728031913355338,0.532967718162437
15.4,15.39913361040132,0.0008663895986806835,0.0008663895986806835,0.0056259064849395034
19.6,19.728437259443922,-0.12843725944392048,0.12843725944392048,0.6552921400200024
18.0,18.06242215307679,-0.062422153076788334,0.062422153076788334,0.34678973931549073
12.5,12.529163102646914,-0.029163102646913686,0.029163102646913686,0.23330482117530948
15.0,14.960204847280789,0.0397951527192113,0.0397951527192113,0.2653010181280753
15.7,15.788730102296817,-0.0887301022968181,0.0887301022968181,0.5651598872408797
16.0,15.994910979257332,0.005089020742667927,0.005089020742667927,0.03180637964167454
16.7,16.84868191745494,-0.1486819174549403,0.1486819174549403,0.8903108829637143
14.0,14.069811043130173,-0.06981104313017283,0.06981104313017283,0.4986503080726631
19.3,19.3086868996362,-0.008686899636199286,0.008686899636199286,0.0450098426746077
19.0,19.127812751983946,-0.12781275198394582,0.12781275198394582,0.6726986946523463
17.3,17.241672311526678,0.058327688473323036,0.058327688473323036,0.33715426863192505
12.0,12.164045331671606,-0.1640453316716055,0.1640453316716055,1.3670444305967124
15.6,15.697343888479553,-0.09734388847955344,0.09734388847955344,0.6239992851253426
16.7,16.79769750885299,-0.09769750885299189,0.09769750885299189,0.5850150230718077
15.7,15.67565153984784,0.024348460152159745,0.024348460152159745,0.1550857334532468
13.7,13.799238798865986,-0.09923879886598641,0.09923879886598641,0.7243707946422366
16.3,16.426360344843843,-0.1263603448438424,0.1263603448438424,0.7752168395327754
15.3,15.25328872234868,0.04671127765132077,0.04671127765132077,0.30530246830928603
17.2,17.22060295294918,-0.020602952949179354,0.020602952949179354,0.11978461016964742
14.8,14.82387226704248,-0.023872267042479578,0.023872267042479578,0.16129910163837552
16.7,16.705843733496224,-0.005843733496224246,0.005843733496224246,0.03499241614505537
22.0,22.17466651216727,-0.17466651216727058,0.17466651216727058,0.7939386916694118
16.0,15.916442801249307,0.08355719875069312,0.08355719875069312,0.522232492191832
19.0,18.894350448794377,0.10564955120562303,0.10564955120562303,0.5560502695032791
14.4,14.467249963546093,-0.06724996354609303,0.06724996354609303,0.46701363573675714
21.2,21.14036918352489,0.05963081647511004,0.05963081647511004,0.2812774362033492
16.1,16.173605225577575,-0.07360522557757321,0.07360522557757321,0.45717531414641743
14.0,14.043580341891246,-0.04358034189124638,0.04358034189124638,0.31128815636604557
14.8,14.823626605654379,-0.023626605654378352,0.023626605654378352,0.1596392273944483
15.2,15.259371270712453,-0.05937127071245385,0.05937127071245385,0.39060046521351216
15.5,15.596178766835049,-0.09617876683504889,0.09617876683504889,0.6205081731293477
13.9,13.862671276510026,0.03732872348997418,0.03732872348997418,0.2685519675537711
13.9,13.862763744988774,0.037236255011226405,0.037236255011226405,0.2678867266994705
15.5,15.464927069960504,0.03507293003949563,0.03507293003949563,0.226276967996746
14.4,14.451290150026438,-0.05129015002643733,0.05129015002643733,0.3561815974058148
14.4,14.459886669832207,-0.05988666983220625,0.05988666983220625,0.4158796516125434
15.6,15.604082491674495,-0.004082491674495259,0.004082491674495259,0.026169818426251656
15.6,15.691168536176706,-0.09116853617670628,0.09116853617670628,0.5844136934404249
13.3,13.176077639036121,0.12392236096387954,0.12392236096387954,0.9317470749163874
13.2,13.258504666631307,-0.0585046666313076,0.0585046666313076,0.4432171714493
15.5,15.435997985906635,0.06400201409336503,0.06400201409336503,0.41291621995719374
14.6,14.666418244689694,-0.06641824468969482,0.06641824468969482,0.45491948417599193
15.5,15.436189387595343,0.06381061240465691,0.06381061240465691,0.41168137035262525
14.6,14.806800862860037,-0.20680086286003707,0.20680086286003707,1.4164442661646377
16.9,16.979273693585277,-0.07927369358527869,0.07927369358527869,0.46907510997206325
19.5,19.47452888031848,0.025471119681519383,0.025471119681519383,0.13062112657189429
13.8,13.729370428494835,0.07062957150516525,0.07062957150516525,0.511808489167864
14.5,14.558509387662845,-0.05850938766284486,0.05850938766284486,0.40351301836444736
18.9,19.053926654823023,-0.15392665482302448,0.15392665482302448,0.8144267450953677
17.9,17.89655157914828,0.003448420851718481,0.003448420851718481,0.019264920959321124
11.9,12.070573897222777,-0.17057389722277705,0.17057389722277705,1.4333940943090508
14.4,14.424994285401649,-0.024994285401648497,0.024994285401648497,0.17357142640033676
14.5,14.566532570013505,-0.06653257001350532,0.06653257001350532,0.45884531043796767
15.7,15.733475171153383,-0.03347517115338405,0.03347517115338405,0.21321765065849718
15.1,15.225196488570967,-0.12519648857096755,0.12519648857096755,0.8291158183507785
13.6,13.625443497484946,-0.025443497484946676,0.025443497484946676,0.18708454033049027
17.5,17.6008232375101,-0.1008232375100988,0.1008232375100988,0.5761327857719931
18.0,17.8643230516901,0.13567694830990007,0.13567694830990007,0.7537608239438892
16.6,16.58244494657761,0.01755505342239161,0.01755505342239161,0.10575333386982895
12.3,12.141542224367006,0.15845777563299457,0.15845777563299457,1.2882745986422321
15.1,15.071104661790583,0.028895338209416366,0.028895338209416366,0.19135985569149913
16.4,16.604923804591323,-0.2049238045913242,0.2049238045913242,1.249535393849538
14.8,14.81888306344661,-0.018883063446608617,0.018883063446608617,0.12758826653113928
12.8,12.833967595857727,-0.03396759585772635,0.03396759585772635,0.2653718426384871
15.4,15.444010028819116,-0.04401002881911609,0.04401002881911609,0.2857794079163382
14.4,14.376081950372882,0.02391804962711852,0.02391804962711852,0.16609756685498972
16.8,16.90959694559855,-0.10959694559855038,0.10959694559855038,0.6523627714199427
14.5,14.53483395928949,-0.03483395928948951,0.03483395928948951,0.2402342019964794
16.0,15.977982106231604,0.022017893768396135,0.022017893768396135,0.13761183605247584
21.4,21.523731211161937,-0.12373121116193886,0.12373121116193886,0.5781832297286863
19.1,19.051735974133024,0.048264025866977533,0.048264025866977533,0.25269123490564155
20.2,20.181619787942978,0.01838021205702134,0.01838021205702134,0.09099114879713534
16.5,16.45782961100916,0.042170388990840024,0.042170388990840024,0.25557811509600015
24.1,24.140142991276974,-0.04014299127697285,0.04014299127697285,0.16656842853515705
18.9,18.992156144725534,-0.09215614472553568,0.09215614472553568,0.4875986493414587
16.1,16.014119868641878,0.08588013135812389,0.08588013135812389,0.5334169649572912
17.2,17.189273998563152,0.010726001436847099,0.010726001436847099,0.062360473470041276
17.2,17.267459254238396,-0.06745925423839694,0.06745925423839694,0.3922049665023078
18.2,18.0966022168371,0.10339778316290094,0.10339778316290094,0.568119687708247
16.1,16.074708652420043,0.025291347579958767,0.025291347579958767,0.1570891154034706
16.1,16.074803145139093,0.025196854860908502,0.025196854860908502,0.15650220410502175
18.4,18.562047079738292,-0.16204707973829358,0.16204707973829358,0.8806906507515956
16.8,16.740014338391212,0.059985661608788376,0.059985661608788376,0.35705750957612126
16.8,16.700236037228514,0.0997639627714868,0.0997639627714868,0.5938331117350404
17.8,17.76093407646652,0.039065923533481595,0.039065923533481595,0.21947148052517748
18.3,18.29229844869755,0.007701551302449872,0.007701551302449872,0.04208497979480804
15.6,15.609946246931285,-0.00994624693128543,0.00994624693128543,0.06375799314926558
15.7,15.714555594694982,-0.014555594694982688,0.014555594694982688,0.09271079423555852
17.7,17.66892991102406,0.03107008897594099,0.03107008897594099,0.17553722585277395
17.0,16.917140444697452,0.08285955530254796,0.08285955530254796,0.4874091488385174
17.7,17.687921049704705,0.012078950295293822,0.012078950295293822,0.06824265703555832
17.4,17.462797850427165,-0.06279785042716668,0.06279785042716668,0.3609071863630269
19.6,19.771126246353965,-0.171126246353964,0.171126246353964,0.8730930936426734
21.0,20.95064902770666,0.04935097229333962,0.04935097229333962,0.23500462996828392
16.0,16.002133110151313,-0.0021331101513126782,0.0021331101513126782,0.013331938445704239
16.5,16.51731670717244,-0.017316707172440715,0.017316707172440715,0.10494974043903464
22.2,22.26585603829635,-0.06585603829634934,0.06585603829634934,0.2966488211547268
21.6,21.525870130169203,0.07412986983079861,0.07412986983079861,0.3431938418092528
14.1,14.267384607162235,-0.16738460716223535,0.16738460716223535,1.187124873491031
16.4,16.426945967309003,-0.026945967309004004,0.026945967309004004,0.16430467871343907
16.2,16.299484990574662,-0.09948499057466265,0.09948499057466265,0.6141048800905102
18.6,18.5906931476299,0.009306852370102092,0.009306852370102092,0.05003684069947362
16.8,16.681064445053472,0.1189355549465283,0.1189355549465283,0.7079497318245731
15.9,15.894179990010645,0.005820009989355057,0.005820009989355057,0.03660383641103809
19.1,19.240703678721808,-0.1407036787218061,0.1407036787218061,0.736668474983278
20.6,20.51477655899309,0.08522344100691015,0.08522344100691015,0.413706024305389
19.2,19.126011104586418,0.07398889541358145,0.07398889541358145,0.38535883027907003
15.1,15.075154117414856,0.02484588258514364,0.02484588258514364,0.1645422687757857
17.8,17.906462323805776,-0.10646232380577558,0.10646232380577558,0.5981029427290763
19.6,19.615408167120783,-0.015408167120781968,0.015408167120781968,0.07861309755501003
17.0,16.911045496450974,0.08895450354902579,0.08895450354902579,0.5232617855825047
14.7,14.798250406426478,-0.09825040642647842,0.09825040642647842,0.6683701117447512
18.0,18.026648810145126,-0.02664881014512588,0.02664881014512588,0.1480489452506993
16.4,16.41711473538512,-0.017114735385121094,0.017114735385121094,0.10435814259220179
19.9,19.982809432834316,-0.08280943283431696,0.08280943283431696,0.41612780318752246
17.2,17.213556890428578,-0.013556890428578328,0.013556890428578328,0.07881913039871122
18.2,18.16932879052962,0.03067120947038049,0.03067120947038049,0.16852312895813457
25.4,25.541547910939315,-0.14154791093931607,0.14154791093931607,0.5572752399185673
20.1,20.226460228927102,-0.12646022892710107,0.12646022892710107,0.6291553677965227
25.1,25.049575884971276,0.05042411502872568,0.05042411502872568,0.20089288856066007
18.0,17.994793686140824,0.005206313859176248,0.005206313859176248,0.02892396588431249
27.7,27.359299083202004,0.34070091679799575,0.34070091679799575,1.2299672086570244
20.3,20.42344889707863,-0.12344889707862805,0.12344889707862805,0.6081226457075273
18.3,18.31066579257881,-0.010665792578809175,0.010665792578809175,0.05828301955633429
18.5,18.58333454935684,-0.08333454935684159,0.08333454935684159,0.4504570235504951
19.0,18.878909480777274,0.12109051922272585,0.12109051922272585,0.6373185222248728
19.8,19.753328527585808,0.046671472414193005,0.046671472414193005,0.2357145071423889
17.4,17.43628733842253,-0.0362873384225324,0.0362873384225324,0.20854792196857702
17.4,17.436383039266886,-0.03638303926688735,0.03638303926688735,0.2090979268211917
19.7,19.81117102475305,-0.11117102475305174,0.11117102475305174,0.5643199226043236
18.4,18.44899630835215,-0.04899630835215163,0.04899630835215163,0.26628428452256325
18.4,18.449126453536962,-0.049126453536963766,0.049126453536963766,0.2669915953095857
20.7,20.72317928093979,-0.023179280939789493,0.023179280939789493,0.11197720260767872
19.4,19.392480268692395,0.007519731307603195,0.007519731307603195,0.03876150158558348
17.3,17.21981222825776,0.08018777174224212,0.08018777174224212,0.4635131314580469
17.3,17.359840859761256,-0.059840859761255416,0.059840859761255416,0.3459009234754648
19.5,19.339585548905198,0.1604144510948018,0.1604144510948018,0.8226382107425733
18.7,18.661274581411213,0.0387254185887862,0.0387254185887862,0.20708779994003315
19.5,19.339773627285737,0.16022637271426277,0.16022637271426277,0.8216737062269885
18.6,18.77553930945289,-0.17553930945288698,0.17553930945288698,0.9437597282413277
21.8,21.74463506681318,0.05536493318681934,0.05536493318681934,0.2539675834257768
24.7,24.743284465121675,-0.04328446512167616,0.04328446512167616,0.1752407494804703
17.7,17.918837633983287,-0.21883763398328782,0.21883763398328782,1.236370813464903
18.7,18.680296933246872,0.019703066753127274,0.019703066753127274,0.10536399333223141
23.9,23.841104943779527,0.05889505622047153,0.05889505622047153,0.24642282937435786
22.0,22.004402198375203,-0.00440219837520317,0.00440219837520317,0.020009992614559862
15.6,15.759630688600286,-0.15963068860028606,0.15963068860028606,1.0232736448736286
18.2,18.22895904798318,-0.028959047983182273,0.028959047983182273,0.15911564825924326
18.9,18.856599598210643,0.04340040178935567,0.04340040178935567,0.22963175549923637
19.2,19.2241564913284,-0.024156491328401586,0.024156491328401586,0.1258150590020916
20.4,20.439893546176272,-0.039893546176273276,0.039893546176273276,0.19555659890330038
16.6,16.61028662084165,-0.01028662084164722,0.01028662084164722,0.06196759543160976
23.2,23.149680051346373,0.05031994865362677,0.05031994865362677,0.21689633040356365
22.9,22.733180107253936,0.16681989274606224,0.16681989274606224,0.7284711473627172
20.8,20.603678391065117,0.19632160893488404,0.19632160893488404,0.9438538891100193
14.4,14.574768879730046,-0.1747688797300455,0.1747688797300455,1.2136727759030939
19.0,19.067429167585296,-0.0674291675852956,0.0674291675852956,0.3548903557120821
20.5,20.54755283637018,-0.04755283637017982,0.04755283637017982,0.2319650554642918
19.2,19.222950996850543,-0.022950996850543248,0.022950996850543248,0.11953644192991275
16.9,16.933139800679626,-0.03313980067962774,0.03313980067962774,0.1960934951457263
20.0,20.09261688241321,-0.09261688241321053,0.09261688241321053,0.4630844120660527
18.4,18.43143976820732,-0.03143976820732064,0.03143976820732064,0.17086830547456872
20.8,20.894051368763648,-0.0940513687636475,0.0940513687636475,0.45217004213292067
18.1,18.146168361663854,-0.04616836166385241,0.04616836166385241,0.2550738213472509
19.9,19.789100390434093,0.11089960956590517,0.11089960956590517,0.557284470180428
26.7,26.86406576220282,-0.16406576220282076,0.16406576220282076,0.6144785101229242
17.0,16.954220016315595,0.04577998368440461,0.04577998368440461,0.26929402167296834
19.6,19.47664276090851,0.1233572390914901,0.1233572390914901,0.6293736688341331
22.5,22.47682866752141,0.023171332478590045,0.023171332478590045,0.10298369990484466
17.3,17.258871191536215,0.041128808463785305,0.041128808463785305,0.23773877724731388
25.9,25.811290138374076,0.08870986162592231,0.08870986162592231,0.3425091182468043
19.6,19.639956293349698,-0.03995629334969664,0.03995629334969664,0.20385863953926853
17.1,16.998312172738665,0.10168782726133685,0.10168782726133685,0.5946656564990459
19.7,19.638212041167854,0.06178795883214505,0.06178795883214505,0.31364446107687843
17.9,17.77410873480487,0.12589126519512917,0.12589126519512917,0.7033031575146881
18.1,18.06679775905937,0.033202240940632066,0.033202240940632066,0.18343779525211085
19.0,18.837476311530835,0.16252368846916454,0.16252368846916454,0.8553878340482345
16.7,16.62472492913136,0.0752750708686385,0.0752750708686385,0.45074892735711675
16.7,16.638386828858103,0.06161317114189657,0.06161317114189657,0.3689411445622549
19.0,19.06842983094198,-0.06842983094198019,0.06842983094198019,0.36015700495779046
17.6,17.531445466669688,0.06855453333031392,0.06855453333031392,0.38951439392223813
17.6,17.56341383873066,0.03658616126934078,0.03658616126934078,0.2078759163030726
19.2,19.238856711254407,-0.03885671125440737,0.03885671125440737,0.20237870445003842
18.8,18.73757877414802,0.06242122585198118,0.06242122585198118,0.33202779708500624
16.4,16.43965074220383,-0.03965074220383258,0.03965074220383258,0.24177281831605232
16.5,16.63921211096008,-0.1392121109600808,0.1392121109600808,0.843709763394429
18.6,18.615439711961166,-0.015439711961164448,0.015439711961164448,0.08300920409228198
17.8,17.67063674302009,0.1293632569799108,0.1293632569799108,0.7267598706736562
18.6,18.615631113649876,-0.01563111364987435,0.01563111364987435,0.08403824542943199
18.0,18.11426289945898,-0.1142628994589785,0.1142628994589785,0.6347938858832138
20.7,20.81026311405956,-0.1102631140595598,0.1102631140595598,0.5326720485969072
22.0,21.935046752703244,0.06495324729675644,0.06495324729675644,0.29524203316707476
22.8,22.657412655686862,0.1425873443131387,0.1425873443131387,0.6253830890927136
16.8,16.95108740885062,-0.15108740885061778,0.15108740885061778,0.8993298145870107
17.5,17.591675011972107,-0.09167501197210726,0.09167501197210726,0.5238572112691843
23.0,23.28237905750033,-0.28237905750032866,0.28237905750032866,1.2277350326101246
21.8,21.82029203574689,-0.02029203574688765,0.02029203574688765,0.09308273278388829
14.9,15.06401445571899,-0.16401445571898954,0.16401445571898954,1.1007681591878493
17.3,17.207311891671466,0.09268810832853447,0.09268810832853447,0.5357694123036674
17.4,17.319637945050502,0.08036205494949655,0.08036205494949655,0.461850890514348
18.9,18.765057762881575,0.13494223711842324,0.13494223711842324,0.713980090573668
18.5,18.448828585055978,0.05117141494402233,0.05117141494402233,0.27660224294066127
16.2,16.151969289186184,0.0480307108138156,0.0480307108138156,0.296485869221084
21.0,21.01489224995911,-0.01489224995911087,0.01489224995911087,0.07091547599576606
21.7,21.65671519992459,0.04328480007540847,0.04328480007540847,0.19946912477146764
20.0,19.963703119503478,0.03629688049652202,0.03629688049652202,0.1814844024826101
14.7,14.727944232186092,-0.02794423218609232,0.02794423218609232,0.19009681759246477
18.4,18.34202350418645,0.05797649581354847,0.05797649581354847,0.3150896511605895
20.1,20.120556902727124,-0.020556902727122406,0.020556902727122406,0.10227314789613136
18.0,17.954634806283295,0.04536519371670522,0.04536519371670522,0.25202885398169567
15.7,15.851444755184009,-0.15144475518400924,0.15144475518400924,0.9646162750573837
19.0,18.990538824025244,0.009461175974756486,0.009461175974756486,0.049795663025034145
17.4,17.202500919319483,0.19749908068051525,0.19749908068051525,1.1350521878190534
19.1,19.148371559917095,-0.04837155991709352,0.04837155991709352,0.253254240403631
20.4,20.3226034764715,0.07739652352849902,0.07739652352849902,0.3793947231789168
17.7,17.769290191485673,-0.06929019148567406,0.06929019148567406,0.39147000839363877
19.0,18.768930012778767,0.2310699872212325,0.2310699872212325,1.216157827480171
17.2,17.247729282796726,-0.047729282796726835,0.047729282796726835,0.27749583021352814
26.0,26.304011161126716,-0.30401116112671644,0.30401116112671644,1.1692736966412172
18.1,18.073478517340526,0.026521482659475737,0.026521482659475737,0.1465275285053908
21.1,21.11075192414627,-0.010751924146269687,0.010751924146269687,0.05095698647521179
29.7,29.00391197181432,0.6960880281856809,0.6960880281856809,2.3437307346319223
