Year,Country,Debt_to_GDP_Percent,GDP_Growth_Percent,Inflation_Percent,Population_Total,Data_Type,Source
2000,CHN,,8.58643201808462,0.347811226864587,1262645000.0,Historical,World Bank
2000,EMU,,3.90141358203564,2.94756559977476,325789631.0,Historical,World Bank
2000,IND,55.0042464964554,3.84099115659129,4.0094359104519,1057922733.0,Historical,World Bank
2000,JPN,,2.76464755136783,-0.676578683595175,126843000.0,Historical,World Bank
2000,PAK,55.0324216144747,4.2600880111325,4.36666451291681,154879127.0,Historical,World Bank
2000,USA,33.2676548646821,4.07758575682804,3.37685727149929,282162411.0,Historical,World Bank
2000,WLD,,4.55506182477725,,6161884811.0,Historical,World Bank
2001,CHN,,8.31263887091522,0.719125609120114,1271850000.0,Historical,World Bank
2001,EMU,,2.18509855153397,2.85732893518829,326861195.0,Historical,World Bank
2001,IND,59.0179097968845,4.82396626555771,3.77929312235637,1077898575.0,Historical,World Bank
2001,JPN,,0.386103426142029,-0.740055504162738,127149000.0,Historical,World Bank
2001,PAK,,3.65135017083765,3.14826144590618,159270907.0,Historical,World Bank
2001,USA,52.6288977430517,0.955538348341605,2.82617111885407,284968955.0,Historical,World Bank
2001,WLD,,2.03855309163356,,6245112906.0,Historical,World Bank
2002,CHN,,9.24339326638321,-0.731970902350244,1280400000.0,Historical,World Bank
2002,EMU,,0.946766858097888,2.32690683615857,328469678.0,Historical,World Bank
2002,IND,62.5527712945573,3.80397532112175,4.29715203929563,1097600380.0,Historical,World Bank
2002,JPN,,0.0419624992862282,-0.923494026942321,127445000.0,Historical,World Bank
2002,PAK,,2.59481668445784,3.29034472613153,163222549.0,Historical,World Bank
2002,USA,54.0472133861297,1.70044732643726,1.58603162650601,287625193.0,Historical,World Bank
2002,WLD,,2.31107096730885,,6327557399.0,Historical,World Bank
2003,CHN,,10.1181928640117,1.12760348729637,1288400000.0,Historical,World Bank
2003,EMU,,0.75319113715031,2.09523529072289,330286340.0,Historical,World Bank
2003,IND,62.1900538960464,7.8603814759073,3.80585899528851,1116803006.0,Historical,World Bank
2003,JPN,,1.53512549946694,-0.256541816316025,127718000.0,Historical,World Bank
2003,PAK,,5.40131087314342,2.91413470059479,167110248.0,Historical,World Bank
2003,USA,56.4292821179909,2.79560596320081,2.27009497336115,290107933.0,Historical,World Bank
2003,WLD,,3.09383471039331,,6409750441.0,Historical,World Bank
2004,CHN,,10.1314073631003,3.82463743108159,1296075000.0,Historical,World Bank
2004,EMU,,2.31187462582069,2.21620788926273,332140117.0,Historical,World Bank
2004,IND,62.5929767433885,7.92293661199932,3.76725173477515,1135991513.0,Historical,World Bank
2004,JPN,,2.18611569439318,-0.00857338820310272,127761000.0,Historical,World Bank
2004,PAK,,7.83125556961251,7.44462469342739,171286000.0,Historical,World Bank
2004,USA,56.8323090866456,3.84777169556921,2.67723669309172,292805298.0,Historical,World Bank
2004,WLD,,4.50184539653775,,6492769815.0,Historical,World Bank
2005,CHN,,11.458238455067,1.77641407667571,1303720000.0,Historical,World Bank
2005,EMU,,1.77166717086934,2.52392898747161,333897752.0,Historical,World Bank
2005,IND,62.2265261001737,7.92343062148318,4.24634362031922,1154676322.0,Historical,World Bank
2005,JPN,,1.80390087215821,-0.282946068764391,127773000.0,Historical,World Bank
2005,PAK,,7.2765744364722,9.06332737030417,175453212.0,Historical,World Bank
2005,USA,56.6929754702153,3.48354993555606,3.3927468454955,295516599.0,Historical,World Bank
2005,WLD,,4.05453629039749,,6575841506.0,Historical,World Bank
2006,CHN,,12.6746751655235,1.6494309945586,1311020000.0,Historical,World Bank
2006,EMU,,3.32457136193729,2.72004750529271,335499702.0,Historical,World Bank
2006,IND,59.6667302762217,8.06073257166651,5.79652337561634,1172878890.0,Historical,World Bank
2006,JPN,,1.3723501275831,0.249355116079085,127854000.0,Historical,World Bank
2006,PAK,,6.05163767569996,7.92108440058789,179682690.0,Historical,World Bank
2006,USA,55.6206336286886,2.78453963650701,3.22594410070404,298379912.0,Historical,World Bank
2006,WLD,,4.47616958858079,,6659977025.0,Historical,World Bank
2007,CHN,,14.1499854947127,4.81676767378834,1317885000.0,Historical,World Bank
2007,EMU,,3.01116848351764,2.48231546689542,337282985.0,Historical,World Bank
2007,IND,57.4975363892468,7.6608150670107,6.37288135593231,1190676021.0,Historical,World Bank
2007,JPN,,1.48396941157472,0.060039454498669,128001000.0,Historical,World Bank
2007,PAK,,4.4448143398844,7.59868441050774,184493231.0,Historical,World Bank
2007,USA,55.81423486742,2.00385829784946,2.85267248150138,301231207.0,Historical,World Bank
2007,WLD,,4.41384473328108,,6744489399.0,Historical,World Bank
2008,CHN,,9.67024588602851,5.92525137041092,1324655000.0,Historical,World Bank
2008,EMU,,0.410531246374063,4.11407022033816,338978475.0,Historical,World Bank
2008,IND,57.2922142809949,3.08669805921981,8.34926704907581,1207930964.0,Historical,World Bank
2008,JPN,,-1.22428900061713,1.3800788616492,128063000.0,Historical,World Bank
2008,PAK,,2.1204410433083,20.2861210929554,189499113.0,Historical,World Bank
2008,USA,63.9719356606883,0.113587249881704,3.839100296651,304093966.0,Historical,World Bank
2008,WLD,,2.09239458384161,,6830513541.0,Historical,World Bank
2009,CHN,,9.40269972778044,-0.728165250932898,1331260000.0,Historical,World Bank
2009,EMU,,-4.48276627207102,0.437175412792701,340136844.0,Historical,World Bank
2009,IND,55.2564461117969,7.86188883286074,10.8823529411764,1225524753.0,Historical,World Bank
2009,JPN,,-5.69323635892741,-1.35283672951719,128047000.0,Historical,World Bank
2009,PAK,,3.47255059567348,13.6477650639761,194376534.0,Historical,World Bank
2009,USA,76.0321911124259,-2.57650022958367,-0.355546266299747,306771529.0,Historical,World Bank
2009,WLD,,-1.31864911944237,,6916589116.0,Historical,World Bank
2010,CHN,,10.5962719761682,3.17532475269199,1337705000.0,Historical,World Bank
2010,EMU,,2.11823129195227,1.5205755786839,341002804.0,Historical,World Bank
2010,IND,51.5919103003897,8.49758470221235,11.9893899204244,1243481564.0,Historical,World Bank
2010,JPN,,4.09791791943181,-0.728243207517779,128070000.0,Historical,World Bank
2010,PAK,,1.50171752152883,12.9388705634889,199239047.0,Historical,World Bank
2010,USA,85.1548294082739,2.69519257744442,1.6400434423899,309378227.0,Historical,World Bank
2010,WLD,,4.52424032554688,,7001266876.0,Historical,World Bank
2011,CHN,,9.4613358870736,5.55389892257493,1345035000.0,Historical,World Bank
2011,EMU,,1.7775447306567,3.28801427219796,340367367.0,Historical,World Bank
2011,IND,51.5565536600977,5.24131619937695,8.91179336483371,1261224954.0,Historical,World Bank
2011,JPN,,0.0238095237995424,-0.27245561610124,127833000.0,Historical,World Bank
2011,PAK,,2.68011685421705,11.9160927116277,203746065.0,Historical,World Bank
2011,USA,89.7347177439651,1.56440685763506,3.156841568622,311839461.0,Historical,World Bank
2011,WLD,,3.33900335400304,,7087120034.0,Historical,World Bank
2012,CHN,,7.85617427055587,2.61952432645541,1354190000.0,Historical,World Bank
2012,EMU,,-0.920856755560266,2.54154474108009,341100659.0,Historical,World Bank
2012,IND,50.6780305618952,5.45638755166587,9.47899691419801,1278674502.0,Historical,World Bank
2012,JPN,,1.37475099905274,-0.0440645104432602,127629000.0,Historical,World Bank
2012,PAK,,3.02758391088629,9.68235186055684,207667125.0,Historical,World Bank
2012,USA,93.8330014607143,2.28911338669843,2.06933726526067,314339099.0,Historical,World Bank
2012,WLD,,2.73120979279713,,7176929184.0,Historical,World Bank
2013,CHN,,7.77872409446717,2.62105001748115,1363240000.0,Historical,World Bank
2013,EMU,,-0.166724880410968,1.31023355618666,341639530.0,Historical,World Bank
2013,IND,50.3118273627008,6.38610640094825,10.0178784746102,1295829511.0,Historical,World Bank
2013,JPN,,2.00510017681211,0.335037912184741,127445000.0,Historical,World Bank
2013,PAK,,4.36686504978387,7.69215611899565,211073978.0,Historical,World Bank
2013,USA,95.7184835504169,2.11783009790057,1.46483265562717,316726282.0,Historical,World Bank
2013,WLD,,2.88814205849086,,7265892332.0,Historical,World Bank
2014,CHN,,7.46190028229434,1.92164162788521,1371860000.0,Historical,World Bank
2014,EMU,,1.45587546223307,0.220195628198753,342228563.0,Historical,World Bank
2014,IND,49.9009248748319,7.41022760508854,6.66565671867899,1312277191.0,Historical,World Bank
2014,JPN,,0.296205514141889,2.75922671353253,127276000.0,Historical,World Bank
2014,PAK,,4.11642817161422,7.18938402847028,214264647.0,Historical,World Bank
2014,USA,95.9491132711014,2.52381981363968,1.62222297740817,319257560.0,Historical,World Bank
2014,WLD,,3.13301748764174,,7354068030.0,Historical,World Bank
2015,CHN,,6.97878002657477,1.43702380935655,1379860000.0,Historical,World Bank
2015,EMU,,2.14365367393994,-0.0852072296963751,343180482.0,Historical,World Bank
2015,IND,49.9647183856551,7.99625378571471,4.90697344127256,1328024498.0,Historical,World Bank
2015,JPN,,1.56062669680782,0.795279630579839,127141000.0,Historical,World Bank
2015,PAK,,4.21794209572506,2.52932817254229,217290883.0,Historical,World Bank
2015,USA,96.6110565851958,2.94555045484053,0.118627135552451,321815121.0,Historical,World Bank
2015,WLD,,3.11378907834442,,7441677465.0,Historical,World Bank
2016,CHN,,6.77555562837017,2.00000182191943,1387790000.0,Historical,World Bank
2016,EMU,,1.80158112775391,0.166009884375616,344132977.0,Historical,World Bank
2016,IND,47.6337555915272,8.25630550179086,4.94821634062141,1343944296.0,Historical,World Bank
2016,JPN,,0.753826745789127,-0.127258844489754,127076000.0,Historical,World Bank
2016,PAK,,6.57383828511043,3.7651191635658,220138869.0,Historical,World Bank
2016,USA,98.6931939368279,1.81945147788167,1.26158320570536,324353340.0,Historical,World Bank
2016,WLD,,2.79359207247063,,7528879985.0,Historical,World Bank
2017,CHN,,6.8912663621211,1.59313600071436,1396215000.0,Historical,World Bank
2017,EMU,,2.62262590499378,1.37503641525339,344810179.0,Historical,World Bank
2017,IND,47.5836093800197,6.79538341897911,3.32817337461298,1359657400.0,Historical,World Bank
2017,JPN,,1.67533175173359,0.484199796126385,126972000.0,Historical,World Bank
2017,PAK,,4.43262590683975,4.08537368032608,223273967.0,Historical,World Bank
2017,USA,97.8800564031882,2.45762229852507,2.13011000365961,326608609.0,Historical,World Bank
2017,WLD,,3.45183009055707,,7614523410.0,Historical,World Bank
2018,CHN,,6.75671800166833,2.07479039965576,1402760000.0,Historical,World Bank
2018,EMU,,1.77991130879937,1.6892396580413,345864630.0,Historical,World Bank
2018,IND,46.5224986659322,6.45385134497769,3.9388264669163,1374659064.0,Historical,World Bank
2018,JPN,,0.643391023533141,0.989094598021848,126811000.0,Historical,World Bank
2018,PAK,,6.15170261099519,5.07805725868917,226928892.0,Historical,World Bank
2018,USA,99.2223695206525,2.96650506901305,2.44258329692817,328529577.0,Historical,World Bank
2018,WLD,,3.27395826417856,,7697233736.0,Historical,World Bank
2019,CHN,,6.06850235053705,2.89923416358227,1407745000.0,Historical,World Bank
2019,EMU,,1.62263181033828,1.44123966942341,346496601.0,Historical,World Bank
2019,IND,,3.87143694070356,3.72950573539129,1389030312.0,Historical,World Bank
2019,JPN,,-0.402169200894946,0.46877615938395,126633000.0,Historical,World Bank
2019,PAK,,2.49763692943365,10.5783618004555,230800899.0,Historical,World Bank
2019,USA,100.979786328903,2.58382533412825,1.81221007526021,330226227.0,Historical,World Bank
2019,WLD,,2.67911757479919,,7778008621.0,Historical,World Bank
2020,CHN,,2.34018843078414,2.41942189457782,1411100000.0,Historical,World Bank
2020,EMU,,-6.05674425052126,0.186938139702131,346986142.0,Historical,World Bank
2020,IND,,-5.77772470686801,6.62343677628535,1402617695.0,Historical,World Bank
2020,JPN,,-4.16876457146743,-0.024995834027731,126261000.0,Historical,World Bank
2020,PAK,,-1.27408744338709,9.73999313898155,235001746.0,Historical,World Bank
2020,USA,126.432892675138,-2.16302914036166,1.23358439630629,331577720.0,Historical,World Bank
2020,WLD,,-2.8992231033702,,7854748424.0,Historical,World Bank
2021,CHN,,8.57008513166322,0.981015135544882,1412360000.0,Historical,World Bank
2021,EMU,,6.43713755486188,2.4865043812082,347207191.0,Historical,World Bank
2021,IND,,9.68959249192875,5.13140747176369,1414203896.0,Historical,World Bank
2021,JPN,,2.69657404187188,-0.233352779398264,125681593.0,Historical,World Bank
2021,PAK,,6.51388575852702,9.49621056124947,239477801.0,Historical,World Bank
2021,USA,120.426823865111,6.05505293244555,4.69785886363742,332099760.0,Historical,World Bank
2021,WLD,,6.41334961541973,,7920514854.0,Historical,World Bank
2022,CHN,,3.1341888719577,1.97357555739051,1412175000.0,Historical,World Bank
2022,EMU,,3.6592192433758,8.47117645590892,348200155.0,Historical,World Bank
2022,IND,,7.60936497768895,6.69903414079852,1425423212.0,Historical,World Bank
2022,JPN,,0.941998775483285,2.49770278172255,125124989.0,Historical,World Bank
2022,PAK,,4.7781068690358,19.8738599646655,243700667.0,Historical,World Bank
2022,USA,114.751249288826,2.51237531986017,8.00279982052121,334017321.0,Historical,World Bank
2022,WLD,,3.40305483746891,,7989545217.0,Historical,World Bank
2023,CHN,,5.41484330099675,0.234836828893051,1410710000.0,Historical,World Bank
2023,EMU,,0.473405522226571,5.78431554960862,349762722.0,Historical,World Bank
2023,IND,,9.19075493028345,5.64914318907925,1438069596.0,Historical,World Bank
2023,JPN,,1.47503481053384,3.26813365933163,124516650.0,Historical,World Bank
2023,PAK,,-0.414935997088406,30.7681280657005,247504495.0,Historical,World Bank
2023,USA,116.975041091042,2.88755600749487,4.11633838374488,336806231.0,Historical,World Bank
2023,WLD,,2.9485947500487,,8064057930.0,Historical,World Bank
