ID,Prediction,OOF_Prediction,Confidence
0,5.945788071168024,5.911910592553087,0.9943022737252465
1,5.274932401844352,5.275910173064617,0.999814638186726
2,4.684171273315289,4.694510770147741,0.9977926736616084
3,6.974313409558861,6.9745678288202315,0.9999635205345745
4,5.707335883900638,5.702060651660851,0.999075710379973
5,4.815700013846763,5.133473284355893,0.9340130814609494
6,4.7949734526251175,4.787388081502475,0.9984180580735963
7,4.6160281861027235,4.732642758959496,0.9747370373636589
8,5.291351821506236,5.181753292469988,0.9792872384939454
9,4.5464801516150235,4.566023854336279,0.9957013562644347
10,4.546571860803933,4.585465279552783,0.9914455525206358
11,5.648015111995201,5.671643623557965,0.995816493598065
12,5.050984142752439,5.018850805952978,0.9936382040549914
13,5.005493631480545,5.0143655109037955,0.9982275718832153
14,5.238063287587593,5.142286308739886,0.9817151959981351
15,5.181949679115761,5.146192041653509,0.9930995797381164
16,4.763186770551868,4.746638622174642,0.9965258248940901
17,5.176551790954979,5.183402541991981,0.9986765804747567
18,5.000299293723812,4.992057128597855,0.9983516659716812
19,4.985045763216289,4.9544697062094105,0.9938664452994718
20,5.00049069541252,4.950076974387661,0.9899182472253463
21,5.43620985052729,5.464568866484636,0.9947833119911832
22,5.751433706511928,5.8261327198105475,0.9870121079156052
23,5.013109797363846,5.002038919698078,0.9977916152039589
24,4.7477146312424,4.815015380674318,0.9858246039444645
25,4.901589643373023,5.026262576677393,0.9745648010257796
26,6.351671241273413,6.255246483498463,0.9848189966181853
27,6.33452244208702,6.36142151580106,0.9957535757883031
28,4.7422320474182005,4.698879198611653,0.9908581361622137
29,4.731580062023424,4.762599841774291,0.9934440984220184
30,4.547498092502234,4.659071620610312,0.9754648597309152
31,5.106180577881705,5.0812959560220765,0.9951265693395196
32,5.016717401923625,4.951076279094629,0.986915525734148
33,4.282017896451313,4.359186330652717,0.981978492840058
34,4.930688874702233,4.787302524067226,0.9709196168733555
35,5.5229033248066735,5.511163509388579,0.9978743402514935
36,5.389078744558081,5.460492952740763,0.9867483482212716
37,4.116277908055638,4.222975786406989,0.9740790454838856
38,5.494222047458239,5.501655865020405,0.9986469756509785
39,5.959969380880428,5.81733183426065,0.9760674067983025
40,4.860544378640722,4.840367911280078,0.9958489293301718
41,4.719502291889671,4.677945657112699,0.9911947016016736
42,5.420505920405279,5.363820120687574,0.9895423434468255
43,4.7634173335097705,4.749340756763332,0.9970448581751864
44,5.693615437171486,5.734495578457097,0.9928200043440369
45,5.004547057870734,4.972122823570692,0.99352104647111
46,4.736060494586322,4.751782110181116,0.9966804452153408
47,7.297665643633804,7.249002175053749,0.9933316399670699
48,6.4210141722330105,6.383324923855921,0.9941303287149869
49,6.457559288101182,6.4205682492507865,0.9942716696089458
50,5.211943542358991,5.210741200941193,0.9997693103969111
51,8.150227582148558,8.085418615051697,0.9920482025205021
52,6.112174390474236,6.10462669362825,0.9987651373915498
53,5.382558458703599,5.455623937842487,0.986425513791447
54,5.316362480548438,5.321618330002964,0.9990113825975677
55,5.215077196505237,5.187193785013091,0.9946533090317166
56,5.999912220895703,5.920982319171344,0.9868448261135724
57,4.94709375078821,4.935159933199227,0.9975877119420279
58,4.947189451632564,4.968380670876617,0.9957165143628016
59,6.0551226429283025,6.035016742595308,0.9966795227449275
60,5.573892183451176,5.593915909996389,0.9964075869618988
61,5.562757152752771,5.5856155910184935,0.9958908085453237
62,6.1610876962072645,5.969469715741141,0.9688986817242086
63,5.60217016503512,5.586190230234798,0.9971475461335316
64,5.38470434355358,5.369239420045573,0.9971279907587661
65,5.7152552569741655,5.720409313760475,0.9990981932297401
66,5.457917084377975,5.505423852261251,0.9912958078247357
67,5.594199514079196,5.623284812446087,0.9948008123245331
68,5.458108486066683,5.4541241170172965,0.9992700093210739
69,5.8920446641079165,5.84589215370721,0.9921669801913027
70,6.636393003752003,6.625510034449357,0.9983601080200343
71,6.132722182842385,6.136481717853786,0.9993869713503588
72,5.303220275503641,5.272656816336934,0.9942368123864859
73,5.582766587995812,5.531574168479857,0.990830279299817
74,7.012878877616761,7.021078443543231,0.9988307847746487
75,6.600875388093373,6.595245615959549,0.999147117473071
76,5.323615409284684,5.267650255316604,0.9894873804449034
77,5.177505031104901,5.1658688767358525,0.9977525560957067
78,5.197932188974244,5.213349952487043,0.9970338665480536
79,5.409114492314084,5.449026525685888,0.9926213382893164
80,5.956529833112522,5.96027175367701,0.9993717953168836
81,4.491236287583292,4.447699626504542,0.9903063102011745
82,5.889704857547043,5.723388621906628,0.9717615378996732
83,6.342994377665935,6.335541436537839,0.9988250123665015
84,5.77040644513045,5.704429413892678,0.9885663132343541
85,4.034666410455334,4.142627451439418,0.9732416504259269
86,5.927449549182452,5.943076855365032,0.9973635703827617
87,6.11655915783809,6.073939396743689,0.9930320703149161
88,5.492671521249515,5.384257953494699,0.9802621460982069
89,5.332210462656815,5.353075383688761,0.9960870042049026
90,6.027456031776205,6.033324542817894,0.9990263703232141
91,5.2965010013563765,5.328410712842099,0.9939753234346838
92,5.9405195579878685,5.99953575575081,0.9900654837927316
93,5.141736956855151,5.11135604299477,0.9940913142374601
94,5.186406241808393,5.1463569026015925,0.9922780188019258
95,7.781086094066622,7.791091360398629,0.9987141557200103
96,5.4956619077036795,5.640031889742009,0.9737301969820682
97,6.174735694921974,6.02961974587265,0.9764984393312405
98,5.87043749153364,6.0159959350898475,0.9752048430852087
99,4.9169737314695325,4.894882660862657,0.9955071824011036
100,7.532141793383776,7.311961850139579,0.9707679541819624
101,5.901553121250081,5.866093278822375,0.9939914399327419
102,5.123101400719623,5.062106434880067,0.9880941349462411
103,4.961420298652365,4.984057722029602,0.9954373107997527
104,4.976412817833668,5.010704374852793,0.9931091829830879
105,5.019667023559457,5.025620239599199,0.9988140219608544
106,5.77338161569194,5.759379523984722,0.9975747161344962
107,4.729962463617618,4.814356433108433,0.9821575853302114
108,4.833672164406632,4.89393517988777,0.9875326664771437
109,5.952799733582459,5.930550981629946,0.9962624732544805
110,5.274303265527981,5.2617536856234075,0.9976206188962978
111,5.242735735805122,5.26848160134191,0.9950892316676981
112,5.720530155648863,5.618039400399627,0.9820836994921304
113,5.411797181487285,5.401890525913636,0.9981694336630037
114,5.130294970463599,5.126847883656299,0.9993280920190285
115,5.4713553206202015,5.358611476047569,0.9793938032974149
116,5.204573297659956,5.21514443368827,0.9979688759495533
117,5.272954330228096,5.279274262572934,0.9988014439817823
118,5.204393231873586,5.214789309893178,0.9980024422523714
119,5.736036743557037,5.722909560271345,0.9977114545139741
120,6.153906353363773,6.223176577090416,0.9887437005874359
121,5.8312550288693625,5.790910411493385,0.993081316070459
122,5.4210351147139235,5.327838281371565,0.98280829875134
123,4.978803399160955,4.8950178522644,0.9831715528108164
124,5.220953261359571,5.230234655589469,0.9982222801110153
125,6.558396379328571,6.5574706523722215,0.9998588486023632
126,6.372711209929831,6.306090121981249,0.9895458816036328
127,5.061019874914357,5.070560828674782,0.9981148163589453
128,4.9415754953649795,4.928827821877251,0.9974203225428797
129,4.766009225127868,4.855820957631419,0.9811557826649141
130,5.179680063020694,5.23679162324531,0.9889739233883814
131,5.585059269476787,5.673788924498289,0.9841130353585578
132,4.500722967712223,4.579802184226411,0.9824296675198269
133,5.442017147854082,5.360894680591642,0.9850933118820214
134,5.986882812381662,5.913656191765336,0.9877688255006913
135,5.615354172691207,5.569132936465093,0.9917687777879307
136,4.077774716438557,4.2755329756229274,0.9515033996629201
137,5.760893980594668,5.684474590840125,0.9867348059612338
138,5.961266993580975,6.100537378405635,0.9766374561629129
139,5.221118285694363,5.23281339109242,0.9977600386510799
140,5.0400251305568275,5.1135661117219575,0.9854086111341243
141,5.721814216641745,5.69742881419113,0.995738170226174
142,5.123481229452908,5.128538948805163,0.9990128355821788
143,4.824723821762378,5.060258389135395,0.9511817614321513
144,5.931948938492433,5.953170279510911,0.9964225353823752
145,5.0760728146136564,5.103005724507984,0.9946941453418606
146,5.01993124072815,5.046112039129437,0.9947846311173535
147,5.076380160443962,5.3500230293121795,0.9460948931493777
148,7.259270141966688,7.104574534526641,0.9786899256943671
149,4.468389110847446,4.610812242836765,0.9681265224261478
150,5.56198627625373,5.602109573234041,0.992786158078496
151,9.659180432046924,9.57991841649665,0.9917941270584999
152,20.977479855493023,20.859834832867307,0.9943918422123165
153,15.719223347573273,15.771873478292441,0.9966505897775232
154,16.070629047331515,16.002791330824977,0.995778776793023
155,19.893301242373113,19.598576047140902,0.9851847022861574
156,17.25333429651564,17.264706457523708,0.9993408717321823
157,12.728071181324617,12.41714033574896,0.9755712537494976
158,15.835602736349626,15.891894928283396,0.9964452134019649
159,16.227483483375998,16.385076436420334,0.9902885161772437
160,14.691486485526845,14.77460738536894,0.9943422407074858
161,15.044836758826685,15.125057436339294,0.9946678934795729
162,15.044932459671038,15.107181392572338,0.9958624653895505
163,18.531205857153658,18.411734683349955,0.9935529739253014
164,15.535618164689811,15.549134493805386,0.9991299780863389
165,15.535747419090992,15.613805697326875,0.9949755701411873
166,14.475665880451043,14.145440207576947,0.9771875330096151
167,16.837964607940577,16.847383961215158,0.99944058840041
168,14.340736332844658,14.191834065105255,0.9896168332015697
169,15.319244786117991,15.33328035899535,0.9990837947851142
170,15.97010647787075,15.98636507317766,0.9989819357615821
171,15.26839306562907,15.30762876472951,0.997430266802665
172,15.970299143644246,15.923376419387882,0.997061875867434
173,16.39436384218989,16.374098648827164,0.9987638927425493
174,16.80867085575108,16.824950791730586,0.9990314561364981
175,16.045565468342133,16.02163968452291,0.9985088850638942
176,14.889436844837387,14.763878957563378,0.9915673184855972
177,15.281749976929067,15.22624209226932,0.996367701270388
178,17.951394024559804,17.966377148940865,0.9991653504164684
179,19.97083266353377,19.86031286932598,0.9944659398766315
180,14.146336465765014,14.442075731925696,0.9790942873463616
181,15.26006163656355,15.32625058677779,0.9956626029793842
182,13.946831611250712,14.0429987910544,0.9931047297630782
183,18.249258628014204,18.131400907634408,0.9935417807197573
184,13.06859959366018,13.03031917543558,0.9970708096899701
185,12.92682493724087,12.370306944299646,0.9569485969995193
186,14.649991207237981,15.082850695463165,0.9704532615374822
187,16.53076542122556,16.732519589133297,0.9877952320680858
188,17.243058329274334,17.34241589685083,0.9942378225534599
189,17.15985471231305,16.941943802234185,0.9873011222394777
190,18.333696306282157,18.34594337893146,0.9993319911175197
191,18.403221108996867,18.29731685767112,0.9942453418918433
192,14.553529794067806,14.59130763851821,0.9974042144834158
193,14.723991874448545,14.793332595433336,0.9952906306342268
194,15.192572097197669,15.297165546877961,0.9931154881394262
195,14.827481321809385,14.855421174018566,0.9981156711839012
196,16.922844008842034,16.97782039872412,0.9967513506237656
197,14.377516601555715,14.27390627016688,0.9927935868861238
198,14.732418566676078,14.785351637469049,0.9964070348014862
199,22.04007848197675,21.821204904459215,0.9900692927311574
200,21.59315511997177,21.673421654131495,0.996282778964142
201,18.048397904655445,18.079827468670977,0.9982585954476314
202,17.71528670709278,17.614114274036716,0.9942889760116311
203,21.566580806095054,21.58718284573977,0.9990447239238027
204,18.59155637845864,18.595585411638098,0.9997832869459271
205,14.764239086532267,14.400888598172513,0.9753898279742012
206,17.206602072157317,17.204502879007762,0.999878000722121
207,18.00654695518962,18.253916150208624,0.9862622643921202
208,16.034763153859927,15.875694949897909,0.990079791480829
209,16.79003647886043,16.802219964601235,0.9992743622069846
210,16.790132179704784,16.769856252232323,0.9987923903130816
211,19.527742032759292,19.547383628811964,0.9989941696785071
212,17.35163102017416,17.21757577215616,0.9922741994607689
213,17.35175899407387,17.254440541526236,0.9943914362242867
214,16.916787705689835,16.838238933450214,0.9953567563202346
215,17.856944717642726,17.843723842260793,0.9992596228049867
216,16.1229558826833,16.02474740782558,0.9939087801591034
217,16.976059336976952,16.763156925705132,0.9874586678507451
218,17.6131923063328,17.40962438620719,0.9884423047777251
219,17.263916722358623,17.153696792186615,0.993615589928973
220,17.61578236144272,17.555936688751245,0.9966027243033391
221,17.93454740144074,17.919956095092083,0.9991864135063762
222,18.380783969232922,18.38037335092288,0.9999776604584228
223,18.980266599808367,19.03680136776959,0.9970213924717376
224,17.20597303089086,16.906927504479206,0.9826196688502051
225,17.314115054759846,17.298244010418053,0.999083346542694
226,19.084256064459176,19.002901718216442,0.9957370964995939
227,20.782286238241483,20.57998002260851,0.9902654499327336
228,16.141328632816254,16.206636525926378,0.9959539954516914
229,16.23962127794516,16.25392250468329,0.9991193621074828
230,16.54480016282742,16.747530106106893,0.9877466074518343
231,19.215193940382974,19.07167592661324,0.992531014428164
232,16.150441351811793,16.159708645780526,0.9994261894648543
233,13.618739438394973,13.454234730399543,0.9879207105282919
234,15.997214734976206,16.607829812991632,0.9618299153970662
235,18.358036388177254,18.570959459491405,0.9884016430072599
236,18.317784868262578,18.497247815500486,0.9902028035195648
237,19.805427567785173,19.728003225782153,0.996090751495832
238,19.30053550608836,19.324688380652596,0.9987485905090453
239,18.95538470714103,18.5895187359516,0.9806985741761194
240,16.20976007839009,16.232085266136366,0.9986227318442072
241,16.745513560560667,16.77847604751109,0.99803156320869
242,17.2689009086346,17.113987380590572,0.9910293353414342
243,16.405680245358646,16.433893136720833,0.9982802974810833
244,18.16768384707168,18.11521062551737,0.997111727663926
245,15.81001762806681,15.751572356691746,0.9963032762484347
246,16.069398081940356,16.030573858580553,0.9975839654512385
247,23.23333591561653,23.137275816671092,0.9958654196211966
248,16.39188735013682,16.1721553661922,0.9865950780501268
249,21.488261545945,21.51613407807278,0.9987028950308018
250,16.90920178360801,17.55931871498047,0.961552478866556
251,16.81900878218901,16.80570666086416,0.9992091019925005
252,20.947893555558586,21.275764114248204,0.9843482810255689
253,17.814947556737906,17.84657034220352,0.9982249297344362
254,13.623175782069202,13.687356486073522,0.9952888591970124
255,16.727179060001482,16.277266470575313,0.9731029027120947
256,16.525172065311523,16.51395628909834,0.999321291452207
257,17.197161139455837,17.14556559500017,0.9969997640286656
258,15.299481414633586,15.082656349782464,0.985827947706013
259,15.850747651065955,15.760805112343922,0.9943256598977118
260,15.962855626435474,15.877400361309363,0.9946466182635135
261,19.00020692375704,18.644772030679675,0.9812931050805531
262,16.262600480544222,16.165171007422686,0.9940089860015264
263,16.37782081899789,16.388980592186705,0.9993186045548578
264,15.673134242576293,15.39391672099619,0.9821849606183705
265,17.329278960268674,17.25400556339575,0.9956562882563208
266,15.220784128958076,15.310459990570466,0.9941083287851046
267,15.946512300822299,15.554532653533801,0.9754191000945464
268,16.70096752443289,16.57838323073031,0.9926600488155376
269,16.16727534417044,16.03566372007218,0.9918593817971251
270,16.7011589261216,16.720789054718487,0.9988246248354173
271,17.307651833537264,17.357291688722377,0.9971319129368642
272,17.591434378476684,17.53776728420585,0.9969492487044862
273,17.79535458871282,17.818135097555952,0.9987198621162938
274,17.12982734633289,16.705651574600694,0.975237593561584
275,16.11599550652697,15.804168215143324,0.9806510698077306
276,16.24918726758505,16.2931241970358,0.9972960538872948
277,18.362699095997378,17.784388674766312,0.9685062426436337
278,20.473170297052754,20.616147581394266,0.9930163587132154
279,15.10208767650741,15.026322702538227,0.9949831460010534
280,15.69859124276463,15.9418273485901,0.9845058651079
281,15.184653940926529,15.637487041932399,0.9701782422605225
282,18.871420326478123,18.893174580300787,0.9988472381890949
283,14.459013363712204,14.31767212665333,0.9902246976520337
284,13.42694122985902,13.540139481098253,0.9915693201548524
285,15.331245633202085,15.87822779715206,0.9643223948426083
286,17.437388726143467,17.639526013460873,0.988407824193185
287,17.521729604409195,17.714958382481065,0.9889720494833287
288,18.585662056561645,18.48698642090099,0.994690765922079
289,18.69418491133969,18.647863000836452,0.9975221220799383
290,18.517832097934985,18.271700086061855,0.9867083793999323
291,15.230333684734061,15.279718981280475,0.9967574385219575
292,15.618746005125884,15.552313172742112,0.9957465965508009
293,15.929041695750135,15.564419885303266,0.9771096218767654
294,15.791536395972951,15.964237879234261,0.9890636687910228
295,20.245846622819727,20.275485003480114,0.9985360760777938
296,17.644230128689614,17.6709438456164,0.9984859801069286
297,15.011454761618715,14.948929345137081,0.9958348199218959
298,15.239532991059129,15.698754123690005,0.969866458324756
299,14.467401996726514,14.49721672009674,0.9979391793138706
300,22.59302757833626,22.049204753130184,0.9759296181421409
301,16.446032099462656,15.867897193520362,0.9648465436956233
302,18.663699479234232,18.570851284385782,0.9950251990514016
303,25.779949786551988,24.702039197191596,0.9581880276543165
304,6.960228240659939,6.850331705973133,0.9842107880520921
305,5.003378425043193,5.008493536276774,0.998977668731662
306,5.259819941506415,5.293831317452506,0.99353373882413
307,5.824521643690867,5.747764745549774,0.9868217701541196
308,5.6918608911383926,5.714371826311135,0.9960450665171989
309,4.215402297358803,4.596102955593743,0.9096882003025732
310,5.048026305371158,5.028551476710222,0.9961420912600424
311,5.160287420258563,5.209516862864421,0.990459943592961
312,4.735174568900975,4.744644472659646,0.9980000944799459
313,5.005045809382404,5.017758030275375,0.9974601194799735
314,5.005141510226758,5.016650842586195,0.9977004985700366
315,6.1944832282113005,6.075543029132279,0.9807990149466623
316,5.088286290333379,5.105604049572134,0.9965965445245878
317,5.08841643551819,5.105654181079984,0.9966123562423415
318,4.732176139908094,4.69718792775758,0.9926063181668652
319,5.372443047673866,5.36105881362577,0.9978809953259494
320,4.708868602567291,4.704734571373442,0.999122075669372
321,5.048103207628561,4.974472258964232,0.985414138528864
322,5.1216493228046716,5.1183411796637985,0.9993540864892428
323,5.037711092304343,5.038638189190861,0.9998159686640421
324,5.121840724493379,5.118220974869141,0.9992932718699745
325,5.2034501940771785,5.174371480864031,0.9944116487061038
326,5.459824646528974,5.505986901171252,0.9915451046185649
327,5.216248962503332,5.2151686233322625,0.9997928896853419
328,4.7779927559348225,4.843232790011235,0.986345726384557
329,5.106308140519155,5.157432469497151,0.9899880074685805
330,5.73612631251665,5.7054718987171,0.9946559042138656
331,6.3921413603260895,6.38816560784558,0.9993780250413092
332,4.729894358250587,4.681915088416282,0.989856166743602
333,5.009564108350967,5.009319425356853,0.9999511568392022
334,4.220663548435491,4.2561779808422395,0.9915855827917163
335,5.6374904006390905,5.659280670852088,0.9961347577025966
336,4.485404732982377,4.641570010581909,0.9651836897493559
337,4.393370154305737,4.403867214435416,0.997610704909511
338,4.0703461276104695,4.2511161009131655,0.9555885609665881
339,5.083926357168589,5.002564098381492,0.9839961799075724
340,5.587830988557293,5.5080203564980215,0.9857170666149757
341,5.349739072233393,5.384591060406907,0.9934852931725776
342,6.477873584186304,6.474744960198933,0.9995170292436645
343,5.864835410212125,5.820203784406055,0.992389962364789
344,4.602978457580831,4.61629184130697,0.9971076595390378
345,4.994924699980166,4.962905220546688,0.993589598453165
346,4.949839459709947,4.93532118095572,0.9970669198588518
347,4.876103577625414,4.85336365779039,0.9953364577250109
348,5.467801221340609,5.423801005045464,0.9919528515271796
349,4.655953624892952,4.668445175450322,0.9973170806926287
350,4.604549303324524,4.618888009202015,0.9968859704134108
351,7.363774266287387,7.4223015946696265,0.99205199421957
352,7.129105961823229,7.1369755417024034,0.998896133846593
353,5.484043854892474,5.486222516987526,0.9996027271561959
354,5.671552075264229,5.679819862166316,0.9985422358228213
355,6.602466654112695,6.59492891769103,0.9988583455737235
356,6.049586530016717,6.037447762889306,0.9979934554104422
357,4.684001366042463,4.790144704465745,0.977339179161653
358,5.485120280025568,5.481970818338878,0.9994258173108844
359,5.3954019376327755,5.563901988132228,0.9687697003454238
360,4.975258859586603,4.946470764365693,0.9942137504304546
361,5.5350351912759646,5.556203921786751,0.9961755027827729
362,5.535130892120319,5.555256199970324,0.9963640779944819
363,6.364321611204743,6.435433238139891,0.9888265207030907
364,5.687987979534374,5.6640968829124345,0.9957997287428121
365,5.688118124719185,5.6521320172581,0.9936734610031814
366,5.333433185456209,5.338668430514568,0.9990184101131996
367,5.727497502004089,5.811359992753152,0.9853579200902943
368,5.286772913566836,5.23009000825865,0.9892783564731741
369,5.6471103607736985,5.624303945985076,0.9959614016208284
370,5.759469365535165,5.690569089002651,0.988037046436628
371,5.609558260185452,5.587245784080217,0.9960224190403691
372,5.759660767223873,5.728953705404287,0.9946685998135639
373,5.684396829052293,5.668210650635482,0.9971525254031156
374,6.173694983132782,6.10117433914008,0.9882532855212119
375,6.333021215884574,6.298083112969154,0.9944831864275184
376,5.608098488978717,5.587136141018773,0.9962621297997405
377,5.593052910234354,5.574002563687317,0.9965939276014885
378,6.178504074288406,6.175622229907924,0.9995335693107263
379,6.5737222809292355,6.584759161683595,0.9983210609448105
380,5.415799860879182,5.421412466174678,0.9989636610651551
381,5.197681959416867,5.239168238651997,0.9920183128599701
382,5.092862800984139,5.091054802283664,0.9996449937066596
383,5.942175490376208,5.896458863099215,0.9923064171266145
384,5.140158407930012,5.096297823209949,0.9914670769446572
385,4.593069802190451,4.598216592736874,0.9988794445441668
386,4.293905561359067,4.510010614541807,0.9496716917113491
387,5.692519590387246,5.723168934585906,0.9946158571212871
388,5.898654436228751,5.939327285571519,0.9931047253424975
389,5.936041008507393,5.940429026209632,0.9992607839203379
390,6.700219197373053,6.723234118459952,0.9965650500417997
391,6.1694354396149285,6.117481181956238,0.9915787676610001
392,5.046797786166966,5.055541415648051,0.9982674899770027
393,5.65338744019711,5.678620642926964,0.9955366232133567
394,5.651649054632028,5.64455314738058,0.9987444538881822
395,5.418352536269766,5.415255573267131,0.9994284309833412
396,5.780564290484966,5.815546111075092,0.9939483737606585
397,5.047220229344786,5.0320408341071206,0.9969925242924935
398,5.020815482657732,5.04725895889961,0.9947332318691162
399,7.863021884253542,7.747548068774752,0.9853143228528513
400,5.274540408815181,5.367178160214749,0.9824368140811739
401,6.951944479607197,7.0277990355630156,0.9890887297407136
402,5.024619388187223,5.074620159228306,0.9900488460464331
403,5.404058795790064,5.375795770798921,0.9947700384416247
404,6.438346580539246,6.517247923088425,0.9877450942866663
405,5.82767952572657,5.759959381477433,0.9883795716065452
406,4.452115102154634,4.529463892096841,0.9826265110416207
407,5.147717820907809,5.074125669487551,0.9857039294529144
408,5.260605583212695,5.300626515832198,0.9923923349928476
409,5.221933913908015,5.34698978454272,0.9760518136100024
410,4.765082245991481,4.735142001392711,0.993716742593331
411,5.405471956498428,5.410803282332704,0.9990137170461899
412,5.385509355004343,5.44503722612276,0.9889466610971972
413,6.261931689115717,6.315513337572708,0.9914432730089666
414,5.461800299240472,5.437292301310205,0.9955128360429965
415,5.4622348392422,5.430296154186971,0.9941528183704972
416,4.980719377040325,5.024725201995276,0.9911647670168747
417,5.62448837295876,5.595452371188853,0.9948375754944964
418,5.080584968932194,5.100749956818078,0.9960309720159854
419,5.431666417057591,5.43739118256028,0.998946039022067
420,5.513473757328546,5.5076423076466146,0.9989423276720039
421,5.358989057350192,5.338786196286652,0.9962300991703034
422,5.513665159017254,5.484942970300319,0.9947907276413605
423,5.494706754143622,5.409377381713933,0.9844706258735341
424,5.86247537406209,5.857359655125902,0.9991273791807807
425,5.999664713535124,6.075217735817404,0.987407128015177
426,5.693447509061299,5.49155549218902,0.9645395902762691
427,5.309047370212131,5.23117689388529,0.9853324982375835
428,5.353046323316325,5.399020302026086,0.9914116248310543
429,6.080425156615039,6.223766206426442,0.97642582178957
430,6.389457839041685,6.366417480977143,0.9963940047749024
431,5.115687650406995,5.128181535091041,0.9975577316099853
432,5.168560043246879,5.224865335973506,0.9891061956595841
433,4.598490560338172,4.599329529430278,0.9998175555872839
434,5.827992969591854,6.011003954105364,0.9685979454562945
435,4.6383918311037124,4.550665265603389,0.9810868616146405
436,4.571216387835721,4.587392650596972,0.9964612790447688
437,4.425478464800745,5.212417618780172,0.8221799106201797
438,5.505079563091063,5.494676541039406,0.9981102870462234
439,5.736373120599852,5.60193664445717,0.9765642070554797
440,5.735582743462069,5.732081655710005,0.9993895847556835
441,6.569835644211171,6.526248023241155,0.9933654939490129
442,5.991294046366686,6.162410960115056,0.9714390774575289
443,4.753748764100287,4.850621638456322,0.9796217977042867
444,5.463490438026912,5.544708756444821,0.9851343560543327
445,5.35334051336644,5.3367183542377505,0.9968949936993209
446,5.0556573095919894,5.049828579206384,0.9988470877522425
447,6.880794323675038,6.563933085506109,0.9539499108368054
448,5.402686233407997,5.445860409699963,0.9920087588959444
449,4.99447947775245,5.095739218615876,0.9797256709052163
450,4.785300932374575,4.787174408694704,0.9996084936025762
451,4.613770289511675,4.716054566746102,0.9778306572181099
452,7.67784707770807,7.3180519651056954,0.953138547551233
453,5.161608651036882,5.250217405401299,0.9828331159550941
454,6.282004809415166,6.419225551576955,0.9781565400725786
455,8.414938797822956,8.18315792698141,0.9724560274451982
456,7.903977033641598,7.901007034435069,0.9996242399467853
457,5.586931397663412,5.65291013081008,0.9881905259540527
458,5.986476555150704,5.9870069745233865,0.9999113970832102
459,7.014954175399229,7.007914140619097,0.9989964248374928
460,6.108895394109153,6.110071818485175,0.9998074244020316
461,3.904749065281429,3.9538508406175104,0.9874251169690313
462,5.947802651286073,5.9370620073345,0.9981941831672182
463,6.474806175557868,6.570655507585902,0.9851965735149827
464,4.735264548415042,4.75909285229221,0.9949679054672776
465,5.4849014610373965,5.480100797093328,0.9991247494411851
466,5.484997161881751,5.478991574210986,0.9989050884807035
467,6.747160477474797,6.727053501063347,0.9970199354975309
468,5.337434207539915,5.318993000156522,0.9965449309141322
469,5.351192190417418,5.338503988957724,0.9976289023759383
470,4.644746799588159,4.658307242197653,0.9970804781670393
471,6.273681990509563,6.3248106206932775,0.9918503006509799
472,4.729341086023116,4.756977879444399,0.9941563133056162
473,5.162555138344541,5.130094748631903,0.993712341552755
474,5.802401178923009,5.776665329615039,0.9955646215973352
475,5.222465618210725,5.235230122371954,0.9975558476301756
476,5.802592580611717,5.777785725933718,0.9957248677968958
477,5.873427325654162,6.0022565113609465,0.9780657601380645
478,5.501170060202057,5.5752465939316,0.9865344064165817
479,5.688933029051856,5.756007043539424,0.988209739444149
480,5.419752720162149,5.366641263246111,0.9902003929221991
481,5.48265136324785,5.516590129391926,0.993809790609454
482,5.699449073486111,5.773182141073833,0.9870631259793416
483,7.519185131485489,7.197364779150013,0.9572001082686462
484,4.761463517076127,4.768124493362851,0.9986010656463288
485,5.339158677680431,5.341707798444983,0.999522561429431
486,5.0303630680441636,5.050734228679886,0.9959503605782468
487,7.346323596363123,7.4055485764525555,0.9919381482110453
488,4.106985109515852,4.278430276816721,0.9582552356572057
489,4.3744026480328495,4.412132089968476,0.991374951885706
490,5.043605812379089,5.320100754169731,0.9451791243694869
491,5.892900767194049,5.838235239021564,0.9907234957696378
492,5.842580017740863,5.8699819966436575,0.9953099531149694
493,7.84064752049176,7.851016943685947,0.9986774788887569
494,6.359374327778686,6.367967506968394,0.9986487384771627
495,6.502792139184479,6.516995518088931,0.997815803363194
496,5.1760637989261555,5.175020820292117,0.9997984996953178
497,4.9926650898350795,4.994936422063374,0.9995450662657135
498,4.849413183626219,4.826951177477439,0.9953680990531554
499,5.198720803765507,5.212253275221338,0.997396961798181
500,5.825278850749135,5.769747912216109,0.9904672496505236
501,4.823599240605789,4.828207594591319,0.9990446235683595
502,5.2491275916849105,5.29750122911477,0.9907844442015599
503,7.4730646209548865,7.544918992682015,0.9903848868226656
504,8.022424815030995,8.433443981127756,0.9487662241355145
505,6.232814051562372,6.162727329155032,0.9887552058215219
506,6.705939701120916,6.80312242228903,0.9855079659216388
507,6.947665866523191,6.859179081807994,0.9872638129583381
508,6.436936710494055,6.499064994665703,0.9903481613515753
509,4.378089254369744,4.504734495031833,0.9710729488649337
510,6.367431900011703,6.3762848479831025,0.9986096519413055
511,7.013709303844488,6.743679922913652,0.9614997812523249
512,5.12605764180332,5.154580708185279,0.9944356730238412
513,6.231936603122478,6.194564527194898,0.9940031370165107
514,6.232032303966832,6.194712390654004,0.9940115991856023
515,6.972701264834705,6.968551764425565,0.9994048935044786
516,5.8774452724806565,5.880125099980932,0.9995440490008692
517,5.877575417665467,5.877267773682878,0.9999476580208018
518,5.367225333625061,5.37635254750327,0.9982994542598236
519,6.636847477637051,6.511019020003533,0.9810409325966234
520,5.337967685596713,5.328938693461563,0.9983085340759843
521,5.587101296332126,5.621093544669494,0.9939159430891961
522,6.321365974884369,6.402132647476609,0.9872232267303676
523,5.796954803139934,5.832275461986643,0.9939070332695003
524,6.306537238215646,6.402958469065057,0.9847109099782939
525,6.359926858432561,6.42820955677657,0.9892636048923931
526,5.795905838538151,5.85461901112187,0.9898698902140174
527,6.593182748485434,6.613658361989733,0.9968944269892368
528,6.382148609731549,6.276142222374156,0.983390175122853
529,6.185595450056907,6.187698596225294,0.9996599929876822
530,5.932643086437298,5.903166325536053,0.9950314294146463
531,7.643143012198976,7.689197857926773,0.993974358502955
532,5.514903570846316,5.5655556789794955,0.9908154153018451
533,5.819811173526501,5.815102696454024,0.999190957210974
534,5.982518330552941,6.092422202289927,0.9816291656299876
535,7.887446279428985,7.816113553614582,0.99095617082596
536,5.024023796000275,4.9911484568787925,0.9934563740315026
537,4.689719870035118,4.639875278457893,0.9893715227497428
538,5.426535619337637,5.387924252139284,0.9928847126801356
539,6.261298200534243,6.16377311124272,0.9844241448670586
540,6.27410205493891,6.149915800758398,0.9802065326162034
541,9.844630049299916,9.054855463131743,0.9197761112414328
542,6.767626125016058,6.742847922192409,0.9963387163084003
543,6.786423060089221,6.593927657753116,0.9716352234060696
544,5.787602103120504,5.896292477356245,0.9812201403069366
545,5.703082684253803,5.734610053831746,0.9944718732314958
546,5.577826549418706,5.554008116287706,0.995729801088332
547,5.651889451992235,5.652824670945938,0.9998345298866554
548,6.158674238816228,6.194862104373161,0.9941240828337801
549,5.591828665550662,5.5888515022756255,0.9994675869164296
550,5.916273311580995,5.904358599674182,0.9979861123268928
551,7.849575713729498,7.872688632536343,0.997055520361191
552,5.8952619709374225,5.932604585251566,0.9936656575799526
553,8.151036728962001,7.964469510083481,0.9771112310993708
554,5.875971995209274,5.915971367993023,0.9931927235172182
555,6.500924514968581,6.493542289235189,0.9988644346537436
556,7.247849344504463,7.817807476555096,0.921361768668031
557,6.151327660595064,6.164242109320962,0.9979005432096928
558,4.217934672692609,4.384934129253793,0.9604073012202728
559,6.95400305187458,6.801744036386962,0.9781048422819694
560,6.154234490754649,6.160756103659618,0.9989403049469319
561,6.691064379453922,6.603552280896169,0.9869210516420188
562,4.931783841527574,5.045333659006158,0.9769759182269165
563,5.76111816524814,5.8004158541480955,0.9931788099199537
564,5.896649898736486,5.9376876887195165,0.9930404918507515
565,6.840347736372601,6.873438939873502,0.9951623513981176
566,5.618344422480487,5.535733211194573,0.9852961672745567
567,5.572747288315728,5.557007991516745,0.9971756670165807
568,4.757878824732083,4.712603687459342,0.9904841780497702
569,6.355198073111492,6.364789762969159,0.9984907333747814
570,5.056284661755496,5.034977394777689,0.9957859843364922
571,5.508743803909468,5.462747849625277,0.9916503748273929
572,6.03673669477595,6.091065738193502,0.9910002643539461
573,5.571851459885221,5.577183575005435,0.9990430265053494
574,6.036928096464658,6.048338738280883,0.9981098598916944
575,6.098475809787026,6.121797669386783,0.9961757894098524
576,5.622928849502168,5.615920260102284,0.9987535698314812
577,5.994899502592175,6.054512023903367,0.990056128323495
578,5.974815192680215,5.839870339760655,0.9774143925825062
579,5.966875323428712,5.968858533079708,0.999667630173059
580,5.783064821328853,5.721074147747304,0.9892806557115573
581,5.924267378580835,5.728421869806188,0.9669418236549301
582,7.549539897710991,7.480845395870771,0.9909008371805698
583,5.204789755539819,5.199285439200327,0.9989424519451366
584,5.630969803811194,5.617147940311557,0.9975453853374124
585,5.479025717316173,5.437423988217153,0.992407095047093
586,7.664446676654093,7.6443251577345634,0.9973746942025817
587,4.467597231964607,4.714805537750555,0.9446663972563085
588,4.579190751363486,4.624336997476946,0.9901410011712182
589,5.391428113394726,5.597212567982074,0.9618311860808691
590,6.139517689242115,6.152572278068858,0.9978736787869678
591,6.022001908281686,5.93956129274421,0.986310100344837
592,8.933121368084754,8.606110268339824,0.963393415396028
593,6.475980853752789,6.507028091786004,0.9952057867464186
594,6.66913076702972,6.589566271339554,0.9880697370408079
595,5.534512652314523,5.560575629371394,0.9952908279400536
596,5.473694472625111,5.511791070756825,0.9930400588921613
597,4.979033417596907,4.8409099785912355,0.9722589909164887
598,5.553531036839251,5.593997630200629,0.9927133591572096
599,8.770437874979132,8.857373192658875,0.9900876890063327
600,5.930156349566664,5.9905799034059415,0.9898108009151405
601,5.151504084996922,5.127808230160737,0.995400207425749
602,5.523597164014846,5.428283060876307,0.9827442003729577
603,4.871478852349973,4.968602800044534,0.9800627426083452
604,7.541305997114262,7.382780335401989,0.9789790202450406
605,6.939369284315821,6.8318253396482485,0.9845023481582126
606,6.9651737596674455,7.133263511797447,0.9758671163423863
607,7.9655196833420066,7.633666443811942,0.9583387887970642
608,15.791933735207266,15.82532983174885,0.9978852435055263
609,16.93544901144729,16.984838833964666,0.9970836427444212
610,13.703923430066643,13.748360552661673,0.996757343283539
611,19.79808985031162,19.664433973515024,0.9932490522542232
612,15.557762925162859,15.651104604250023,0.9940003152422056
613,13.157579771659218,13.02644625725578,0.9900336150939013
614,14.48525690579317,14.492903049196725,0.9994721430951881
615,14.542531913745393,14.577944766854282,0.9975648772246947
616,14.776010267279904,14.828711024278784,0.9964333570105228
617,13.384706811524513,13.349008971934925,0.9973329384479465
618,13.384799280003259,13.24889603552601,0.9898464495820467
619,15.046713206916316,15.035684491668471,0.999267034975465
620,13.740035265810217,13.730567066495203,0.9993109043432021
621,13.740617124027105,13.87615208094142,0.9901361819613256
622,14.558035448190427,14.662823998857311,0.9928020134418671
623,15.230003639514688,15.165965077823804,0.9957952368888494
624,12.662787129122062,12.67550922922834,0.998995316041258
625,12.70941839447999,12.697342623565449,0.9990498566032225
626,14.795482104871535,14.840758057040919,0.9969398801074312
627,13.933533686271465,13.998101396157592,0.9953660208023349
628,14.78389747786656,14.791420208430132,0.9994911537998699
629,14.145625384853147,14.28752617953181,0.9899685746803969
630,15.978273080693583,16.05656440529063,0.9951001388384215
631,18.1620747655452,18.117098198420656,0.9975235998514076
632,12.950824118025146,12.890152910652304,0.9953152631728153
633,13.569771026957865,13.767415869934014,0.9854349179497264
634,18.27037944369137,18.186308940747168,0.9953985357227069
635,17.809162781150192,17.91768479634849,0.9939063946779376
636,10.774156237919259,10.500142835206558,0.9745675326002928
637,13.692240099552842,13.548959326104274,0.9895356229555987
638,13.440820565497066,13.260713922973862,0.98660002726429
639,15.504330348832921,15.535236098361136,0.998006637704467
640,13.864222125226108,13.766643647248177,0.9929618502892971
641,13.265178972616201,13.398717189266886,0.9899331771656056
642,16.008645978293025,15.973731349922879,0.9978190144103066
643,17.007356315417667,17.03548734725343,0.998345949266894
644,15.998321963732364,15.903814305927167,0.9940926522098946
645,12.66354348425601,12.672094503411065,0.9993247531000751
646,14.739295522425225,14.745820471681506,0.9995573093161975
647,16.150260969267613,16.27484950096666,0.9922856649671611
648,14.04348928011305,14.162650468918413,0.991514845210944
649,11.77868425285596,11.385412322875544,0.9666115596488105
650,14.809346748410979,14.827127026843918,0.9987993881476078
651,13.612510093429629,13.577433130904131,0.9974231820797246
652,16.458692047690917,16.455199297023597,0.9997877868760783
653,14.134853432685516,14.01281936628683,0.9913664433560424
654,15.240785183665068,15.373402664415396,0.9912985144498342
655,21.019996589732287,20.90079010154448,0.9943289009582934
656,16.455626603517857,16.441705574563194,0.9991540262522903
657,21.360308411305,21.192421249665443,0.9921402280085558
658,15.0160517336049,15.032555925047637,0.9989008968111972
659,22.872100602728416,23.0024164564285,0.994302410160484
660,16.600491495731575,16.553400888127733,0.9971633005697903
661,15.043726878904932,15.01005635962472,0.9977618234289237
662,15.395271197276049,15.270676087852404,0.9919069239031909
663,15.904356390829644,15.947356310790608,0.9972963434545455
664,16.277526580154642,16.266949378243915,0.9993501960381488
665,14.573568387056719,14.536183049284286,0.9974347164528111
666,14.573664087901074,14.593919431039733,0.9986101407561866
667,16.131268300975066,16.118291025364712,0.9991955204907794
668,15.155276816874677,15.113001750224996,0.997210538324635
669,15.092836135680576,15.04102400753994,0.9965671048011147
670,16.966019272112668,17.03338500375356,0.9960293733851291
671,16.006271650693797,16.016017086918737,0.9993911489303215
672,13.935529536232622,14.044734152249722,0.9921635838884522
673,14.042559878343658,14.067395735717446,0.9982313868824247
674,16.26859413642442,16.218667608571366,0.9969311100660886
675,15.214820858371775,15.212760885805967,0.9998646075133193
676,16.281813141827193,16.272187343252064,0.999408800610836
677,15.091874741244695,15.293073579992997,0.986668400787422
678,17.93160850808983,18.06861779301657,0.9923593425974991
679,21.228318326687038,21.25757078324905,0.9986220078889977
680,14.577280319133553,14.548084513613153,0.9979971707425253
681,15.39913361040132,15.358084910607696,0.9973343502195313
682,19.728437259443922,19.60021372934097,0.9935005737191808
683,18.06242215307679,18.22460293900643,0.9910210947581517
684,12.529163102646914,12.718647442167256,0.9848765378146566
685,14.960204847280789,14.96898362834959,0.999413191158035
686,15.788730102296817,15.723426465646872,0.9958639084910095
687,15.994910979257332,16.05908789596097,0.9959876667788565
688,16.84868191745494,16.836808893324296,0.9992953144059502
689,14.069811043130173,14.028323799866062,0.9970513292475455
690,19.3086868996362,19.268538442573707,0.9979207050592366
691,19.127812751983946,19.124086330083195,0.9998051830727197
692,17.241672311526678,17.191167995086474,0.9970707995953942
693,12.164045331671606,12.045740127351282,0.9902741899287006
694,15.697343888479553,15.614200843110291,0.9947033688843595
695,16.79769750885299,16.872299292106064,0.9955588092491507
696,15.67565153984784,15.675851821809148,0.9999872233732663
697,13.799238798865986,13.722749479020965,0.9944569903154153
698,16.426360344843843,16.448995088660674,0.9986220476134884
699,15.25328872234868,15.349869961975909,0.9936681698580916
700,17.22060295294918,17.380220094096778,0.9907310369843176
701,14.82387226704248,14.83508946201026,0.9992433020192693
702,16.705843733496224,16.71956168523436,0.9991788531524759
703,22.17466651216727,22.51524962166482,0.984640892166222
704,15.916442801249307,15.942154455247701,0.9983845855066962
705,18.894350448794377,18.8816642008795,0.9993285692843568
706,14.467249963546093,14.396687215425821,0.9951225876776402
707,21.14036918352489,20.892009391481608,0.9882518711882902
708,16.173605225577575,16.140052783365142,0.997925481692551
709,14.043580341891246,13.78357295952618,0.9814856783298234
710,14.823626605654379,14.870161115297018,0.9968607880013872
711,15.259371270712453,15.233821186604214,0.9983256136848252
712,15.596178766835049,15.476885642814269,0.9923511317640455
713,13.862671276510026,14.024773125708522,0.9883065944310626
714,13.862763744988774,13.93697714305854,0.9946465658593396
715,15.464927069960504,15.588654014923279,0.9919995137123784
716,14.451290150026438,14.415841498403017,0.9975470252965352
717,14.459886669832207,14.428649850818859,0.9978397606034992
718,15.604082491674495,15.585389994112811,0.9988020765479974
719,15.691168536176706,15.684442518459065,0.9995713501340908
720,13.176077639036121,13.359445817042731,0.9860832510923733
721,13.258504666631307,13.414434311115508,0.9882392745906018
722,15.435997985906635,15.349136597720154,0.9943728042308252
723,14.666418244689694,14.579332069021545,0.9940622060357588
724,15.436189387595343,15.349277202677587,0.9943695832497894
725,14.806800862860037,14.90971310578696,0.9930496643447997
726,16.979273693585277,16.901472561151756,0.9954178765679011
727,19.47452888031848,19.738852062412278,0.9864272368206983
728,13.729370428494835,13.818411013376412,0.9935145913019167
729,14.558509387662845,14.491230338609153,0.9953787133942834
730,19.053926654823023,18.841953837095687,0.9888751116532302
731,17.89655157914828,17.894264048198686,0.9998721803576707
732,12.070573897222777,11.718250899862262,0.9708114153335332
733,14.424994285401649,14.426105914599129,0.9999229372921457
734,14.566532570013505,14.567648607572325,0.9999233834492294
735,15.733475171153383,15.662672852745771,0.9954998934985884
736,15.225196488570967,15.161609575834582,0.9958235738627287
737,13.625443497484946,13.576265577142118,0.9963907290986429
738,17.6008232375101,17.770356833478345,0.9903678604092333
739,17.8643230516901,17.756384797026698,0.9939578875556061
740,16.58244494657761,16.60462755371521,0.9986622837662752
741,12.141542224367006,12.007198857994743,0.9889352313878315
742,15.071104661790583,15.153763463559526,0.9945154122315985
743,16.604923804591323,16.67530979721912,0.9957611375266008
744,14.81888306344661,14.880366638342625,0.9958509983185795
745,12.833967595857727,12.968045220554266,0.9895529100219387
746,15.444010028819116,15.540294493781142,0.993765579111388
747,14.376081950372882,14.278784386827521,0.9932319837134191
748,16.90959694559855,16.7907098798901,0.9929692553252341
749,14.53483395928949,14.569510825238215,0.9976142236189229
750,15.977982106231604,15.966526262148141,0.9992830231445798
751,21.523731211161937,21.71684387250569,0.9910279193473887
752,19.051735974133024,18.93148673554387,0.9936882795121296
753,20.181619787942978,20.146822831902888,0.9982758096385956
754,16.45782961100916,16.474134363273116,0.999009301246967
755,24.140142991276974,23.590787141417415,0.9772430582825824
756,18.992156144725534,18.846989164900442,0.9923564775333903
757,16.014119868641878,16.066894659336555,0.9967044840533196
758,17.189273998563152,17.15810809443918,0.9981868982765952
759,17.267459254238396,17.38451843437261,0.9932208223785846
760,18.0966022168371,18.149462460467824,0.9970789963731125
761,16.074708652420043,16.038534710221597,0.9977496363554536
762,16.074803145139093,16.131250686380618,0.9964884460966453
763,18.562047079738292,18.460623127728837,0.9945359503663733
764,16.740014338391212,16.734901177367796,0.9996945545795475
765,16.700236037228514,16.667400001688158,0.9980337982348899
766,17.76093407646652,17.80887871907789,0.9973005563949785
767,18.29229844869755,18.25099892306583,0.9977422452684229
768,15.609946246931285,15.628595628811569,0.9988052886031406
769,15.714555594694982,15.733995122998081,0.99876296043188
770,17.66892991102406,17.68872911117368,0.9988794341746354
771,16.917140444697452,16.90622750541519,0.9993549182456186
772,17.687921049704705,17.737621708630193,0.9971901358008123
773,17.462797850427165,17.38671779787593,0.9956433070550216
774,19.771126246353965,19.776475418398206,0.9997294452674554
775,20.95064902770666,21.050913716316067,0.9952142444994876
776,16.002133110151313,16.06691210103068,0.9959518530195123
777,16.51731670717244,16.470901225779606,0.9971898898952171
778,22.26585603829635,22.36919313172489,0.9953589438191933
779,21.525870130169203,21.49252619311885,0.9984509831519143
780,14.267384607162235,14.181579972703968,0.9939859595288998
781,16.426945967309003,16.451657520754964,0.9984956697373444
782,16.299484990574662,16.16338074768322,0.9916497831299622
783,18.5906931476299,18.67088195688212,0.995686615646762
784,16.681064445053472,16.662537556943512,0.9988893462368464
785,15.894179990010645,15.878221595154884,0.9989959599135185
786,19.240703678721808,19.314660595741707,0.9961562261749338
787,20.51477655899309,20.415030964759488,0.9951378661578576
788,19.126011104586418,19.034366532995065,0.9952083805505186
789,15.075154117414856,14.989519883063895,0.9943195122249829
790,17.906462323805776,18.120672200338326,0.9880372872823096
791,19.615408167120783,19.749651364084762,0.9931562377404293
792,16.911045496450974,16.95033683239373,0.9976765875517519
793,14.798250406426478,14.788164687318814,0.9993184519690425
794,18.026648810145126,17.979176700380172,0.9973665594958062
795,16.41711473538512,16.316471777467,0.9938696321850741
796,19.982809432834316,19.89954147790108,0.9958330208249179
797,17.213556890428578,17.14278260255272,0.9958884567428556
798,18.16932879052962,18.095238140738246,0.9959222133867596
799,25.541547910939315,24.89028721162311,0.9745019105306776
800,20.226460228927102,20.396459115866904,0.99159522345428
801,25.049575884971276,24.3866719153922,0.9735363206882431
802,17.994793686140824,18.04997972039706,0.9969332223446405
803,27.359299083202004,25.905008793197815,0.9468447553270162
804,20.42344889707863,20.337297478074277,0.9957817401350653
805,18.31066579257881,17.998119862913008,0.982930936748165
806,18.58333454935684,18.496823686235068,0.9953447074723478
807,18.878909480777274,18.93229136370332,0.997172406586683
808,19.753328527585808,19.765361633185698,0.9993908315262454
809,17.43628733842253,17.439578769099953,0.9998112310020609
810,17.436383039266886,17.2822230255479,0.9911587165451382
811,19.81117102475305,19.767754131098577,0.997808464153447
812,18.44899630835215,18.480223502864526,0.9983073771441097
813,18.449126453536962,18.454756428313964,0.999694837883733
814,20.72317928093979,20.741212491042802,0.9991298048919838
815,19.392480268692395,19.393577312470434,0.9999434294269599
816,17.21981222825776,17.29550166603289,0.9956045145918931
817,17.359840859761256,17.459923575148288,0.9942348141074363
818,19.339585548905198,19.211141992007683,0.9933585158828131
819,18.661274581411213,18.696431983046395,0.9981160236618443
820,19.339773627285737,19.211247235119345,0.9933542973150752
821,18.77553930945289,18.83053823968787,0.9970707138474577
822,21.74463506681318,22.028435574472105,0.9869484820630288
823,24.743284465121675,24.902757728551506,0.9935548872984299
824,17.918837633983287,18.000538251236584,0.995440518276762
825,18.680296933246872,18.800697113043462,0.9935546970274867
826,23.841104943779527,23.976082715922935,0.9943384433397635
827,22.004402198375203,21.88231762833332,0.9944518118059708
828,15.759630688600286,15.849275766356305,0.9943117276134782
829,18.22895904798318,18.17852803458603,0.9972334673363481
830,18.856599598210643,19.010834264913065,0.9918206536804381
831,19.2241564913284,19.221504666893445,0.9998620577033791
832,20.439893546176272,20.688949407909007,0.9878152080887654
833,16.61028662084165,16.496825991826825,0.9931692556080449
834,23.149680051346373,22.970756198569454,0.9922710013852863
835,22.733180107253936,22.62258980152785,0.995135291220163
836,20.603678391065117,19.799943675823464,0.9609907191824099
837,14.574768879730046,14.87028681434139,0.9797240068248118
838,19.067429167585296,19.149158739046335,0.9957136556556017
839,20.54755283637018,20.809725298978186,0.9872406971313564
840,19.222950996850543,19.303642832427457,0.9958023182084554
841,16.933139800679626,16.918491079399665,0.9991349081985208
842,20.09261688241321,19.973950218052273,0.9940940167649929
843,18.43143976820732,18.517690129439757,0.9953204764447274
844,20.894051368763648,20.99119868155013,0.9953504800757694
845,18.146168361663854,18.0961438516549,0.9972432468246089
846,19.789100390434093,19.842072888301267,0.9973231478872113
847,26.86406576220282,27.11665346749316,0.9905975626279442
848,16.954220016315595,16.813315945862342,0.9916891451209905
849,19.47664276090851,19.913006144622003,0.9775955555243396
850,22.47682866752141,22.221334520192762,0.9886329989100806
851,17.258871191536215,17.286967046791588,0.9983720920496096
852,25.811290138374076,25.459276668840523,0.9863620356050221
853,19.639956293349698,19.535742673112445,0.9946937959853639
854,16.998312172738665,17.028176822243182,0.9982430815810351
855,19.638212041167854,19.356331012981578,0.9856462995082411
856,17.77410873480487,17.862684879158778,0.9950165636605438
857,18.06679775905937,18.176138256140952,0.993947987214572
858,18.837476311530835,18.694510962309778,0.9924105894405751
859,16.62472492913136,16.537482398145606,0.9947522424515354
860,16.638386828858103,16.694237797314905,0.996643246387133
861,19.06842983094198,18.782286297893222,0.9849938605024364
862,17.531445466669688,17.458016979641208,0.9958116127401079
863,17.56341383873066,17.55925566894883,0.9997632482168182
864,19.238856711254407,19.232434550589822,0.9996661880470779
865,18.73757877414802,18.855116417518303,0.9937271704890912
866,16.43965074220383,16.35506339175779,0.994854675039807
867,16.63921211096008,16.732326298806598,0.9944039308093732
868,18.615439711961166,18.571758331402243,0.9976534866278586
869,17.67063674302009,17.643771486537133,0.9984796668420431
870,18.615631113649876,18.65930783871488,0.9976537608393657
871,18.11426289945898,18.320786349739777,0.9885988494245705
872,20.81026311405956,20.722089980057483,0.9957629978399695
873,21.935046752703244,21.64415004921735,0.986738268967295
874,22.657412655686862,21.397566883823167,0.9443958701108199
875,16.95108740885062,16.99836534787049,0.9972109201557119
876,17.591675011972107,17.53702775229082,0.9968935728668434
877,23.28237905750033,22.721926607172968,0.9759280430547386
878,21.82029203574689,21.719336815189422,0.9953733334198548
879,15.06401445571899,15.137012744252395,0.9951541281441203
880,17.207311891671466,17.12140489263377,0.9950075296719177
881,17.319637945050502,17.47834156384397,0.9908367824931581
882,18.765057762881575,18.61535256564025,0.9920221301125126
883,18.448828585055978,18.242287177899605,0.9888046335837112
884,16.151969289186184,16.126068681732256,0.9983964428493738
885,21.01489224995911,20.937621773327393,0.996323061187481
886,21.65671519992459,21.766946459277705,0.9949100658504497
887,19.963703119503478,19.761413377151996,0.9898671237992425
888,14.727944232186092,15.047629096545041,0.9782939942185338
889,18.34202350418645,18.15961927434887,0.9900553927514409
890,20.120556902727124,20.05083181692632,0.9965346345693846
891,17.954634806283295,18.046369870511242,0.994890730994619
892,15.851444755184009,15.790694960298968,0.9961675549458842
893,18.990538824025244,18.917826651802223,0.9961711371610916
894,17.202500919319483,17.066908569141447,0.9921178703647893
895,19.148371559917095,19.12702219849502,0.9988850560873896
896,20.3226034764715,20.266186320664886,0.9972239209855247
897,17.769290191485673,17.68269829802579,0.9951268797091145
898,18.768930012778767,18.74893440587511,0.9989346432735012
899,17.247729282796726,17.223589870702988,0.9986004296392659
900,26.304011161126716,26.0782323806543,0.9914165649297378
901,18.073478517340526,18.229106108272404,0.991389173801173
902,21.11075192414627,20.88019556607496,0.9890787240559477
903,29.00391197181432,25.784293329532694,0.888993645601874
