version,1.7.0
info,balls_per_over,6
info,team,Auckland
info,team,Canterbury
info,gender,female
info,season,2025/26
info,date,2026/01/10
info,event,Women's Super Smash
info,match_number,15
info,venue,"Hagley Oval, Christchurch"
info,city,Christchurch
info,toss_winner,Canterbury
info,toss_decision,field
info,umpire,JM Dempsey
info,umpire,RG Dalley
info,reserve_umpire,DJ Henderson
info,tv_umpire,GG Pennell
info,match_referee,G Stretch
info,winner,Auckland
info,winner_runs,80
info,player,Auckland,IC Gaze
info,player,Auckland,P Catton
info,player,Auckland,BM Halliday
info,player,Auckland,ML Green
info,player,Auckland,BG Armstrong
info,player,Auckland,LR Down
info,player,Auckland,JO Penfold
info,player,Auckland,A Lambat
info,player,Auckland,MM Penfold
info,player,Auckland,BG Illing
info,player,Auckland,AT Hucker
info,player,Canterbury,KG Anderson
info,player,Canterbury,KP Irwin
info,player,Canterbury,IG Sharp
info,player,Canterbury,J Dean
info,player,Canterbury,AG Gerken
info,player,Canterbury,DRH Prasad
info,player,Canterbury,LMM Tahuhu
info,player,Canterbury,MJ Banks
info,player,Canterbury,AG Hotton
info,player,Canterbury,GES Sullivan
info,player,Canterbury,SR Asmussen
info,registry,people,A Lambat,5978fc2a
info,registry,people,AG Gerken,a7fcf627
info,registry,people,AG Hotton,32c6f715
info,registry,people,AT Hucker,9b554bb9
info,registry,people,BG Armstrong,eca08a1d
info,registry,people,BG Illing,80a0cd77
info,registry,people,BM Halliday,efb6cb2a
info,registry,people,DJ Henderson,76e3c08f
info,registry,people,DRH Prasad,d1b825c8
info,registry,people,G Stretch,1d054cad
info,registry,people,GES Sullivan,165b9097
info,registry,people,GG Pennell,d9376677
info,registry,people,IC Gaze,60c250bf
info,registry,people,IG Sharp,4de0779a
info,registry,people,J Dean,2e018b14
info,registry,people,JM Dempsey,153c9f33
info,registry,people,JO Penfold,321ea9e8
info,registry,people,KG Anderson,ae79a86f
info,registry,people,KP Irwin,bd3ab0c3
info,registry,people,LMM Tahuhu,60471339
info,registry,people,LR Down,19147fe0
info,registry,people,MJ Banks,1e17a238
info,registry,people,ML Green,865eae1f
info,registry,people,MM Penfold,645b2a2f
info,registry,people,P Catton,22e8ba50
info,registry,people,RG Dalley,c147335d
info,registry,people,SR Asmussen,31972229
ball,1,0.1,Auckland,IC Gaze,P Catton,AG Hotton,4,0,,,,,,"",""
ball,1,0.2,Auckland,IC Gaze,P Catton,AG Hotton,0,0,,,,,,"",""
ball,1,0.3,Auckland,IC Gaze,P Catton,AG Hotton,0,0,,,,,,"",""
ball,1,0.4,Auckland,IC Gaze,P Catton,AG Hotton,0,0,,,,,,"",""
ball,1,0.5,Auckland,IC Gaze,P Catton,AG Hotton,4,0,,,,,,"",""
ball,1,0.6,Auckland,IC Gaze,P Catton,AG Hotton,0,0,,,,,,"",""
ball,1,1.1,Auckland,P Catton,IC Gaze,MJ Banks,0,0,,,,,,"",""
ball,1,1.2,Auckland,P Catton,IC Gaze,MJ Banks,0,0,,,,,,"",""
ball,1,1.3,Auckland,P Catton,IC Gaze,MJ Banks,0,5,5,,,,,"",""
ball,1,1.4,Auckland,P Catton,IC Gaze,MJ Banks,0,0,,,,,,"",""
ball,1,1.5,Auckland,P Catton,IC Gaze,MJ Banks,4,0,,,,,,"",""
ball,1,1.6,Auckland,P Catton,IC Gaze,MJ Banks,0,0,,,,,,"",""
ball,1,1.7,Auckland,P Catton,IC Gaze,MJ Banks,4,0,,,,,,"",""
ball,1,2.1,Auckland,IC Gaze,P Catton,LMM Tahuhu,0,0,,,,,,"",""
ball,1,2.2,Auckland,IC Gaze,P Catton,LMM Tahuhu,0,0,,,,,,caught,IC Gaze
ball,1,2.3,Auckland,BM Halliday,P Catton,LMM Tahuhu,0,0,,,,,,"",""
ball,1,2.4,Auckland,BM Halliday,P Catton,LMM Tahuhu,0,0,,,,,,"",""
ball,1,2.5,Auckland,BM Halliday,P Catton,LMM Tahuhu,0,0,,,,,,"",""
ball,1,2.6,Auckland,BM Halliday,P Catton,LMM Tahuhu,4,0,,,,,,"",""
ball,1,3.1,Auckland,P Catton,BM Halliday,MJ Banks,4,0,,,,,,"",""
ball,1,3.2,Auckland,P Catton,BM Halliday,MJ Banks,0,0,,,,,,"",""
ball,1,3.3,Auckland,P Catton,BM Halliday,MJ Banks,1,0,,,,,,"",""
ball,1,3.4,Auckland,BM Halliday,P Catton,MJ Banks,0,0,,,,,,"",""
ball,1,3.5,Auckland,BM Halliday,P Catton,MJ Banks,1,0,,,,,,"",""
ball,1,3.6,Auckland,P Catton,BM Halliday,MJ Banks,0,0,,,,,,"",""
ball,1,4.1,Auckland,BM Halliday,P Catton,LMM Tahuhu,0,0,,,,,,"",""
ball,1,4.2,Auckland,BM Halliday,P Catton,LMM Tahuhu,0,1,1,,,,,"",""
ball,1,4.3,Auckland,BM Halliday,P Catton,LMM Tahuhu,0,0,,,,,,"",""
ball,1,4.4,Auckland,BM Halliday,P Catton,LMM Tahuhu,4,0,,,,,,"",""
ball,1,4.5,Auckland,BM Halliday,P Catton,LMM Tahuhu,0,0,,,,,,"",""
ball,1,4.6,Auckland,BM Halliday,P Catton,LMM Tahuhu,4,0,,,,,,"",""
ball,1,4.7,Auckland,BM Halliday,P Catton,LMM Tahuhu,4,0,,,,,,"",""
ball,1,5.1,Auckland,P Catton,BM Halliday,KG Anderson,0,0,,,,,,"",""
ball,1,5.2,Auckland,P Catton,BM Halliday,KG Anderson,1,0,,,,,,"",""
ball,1,5.3,Auckland,BM Halliday,P Catton,KG Anderson,1,0,,,,,,"",""
ball,1,5.4,Auckland,P Catton,BM Halliday,KG Anderson,4,0,,,,,,"",""
ball,1,5.5,Auckland,P Catton,BM Halliday,KG Anderson,0,0,,,,,,"",""
ball,1,5.6,Auckland,P Catton,BM Halliday,KG Anderson,1,0,,,,,,"",""
ball,1,6.1,Auckland,P Catton,BM Halliday,GES Sullivan,0,0,,,,,,"",""
ball,1,6.2,Auckland,P Catton,BM Halliday,GES Sullivan,4,0,,,,,,"",""
ball,1,6.3,Auckland,P Catton,BM Halliday,GES Sullivan,0,0,,,,,,"",""
ball,1,6.4,Auckland,P Catton,BM Halliday,GES Sullivan,1,0,,,,,,"",""
ball,1,6.5,Auckland,BM Halliday,P Catton,GES Sullivan,0,0,,,,,,"",""
ball,1,6.6,Auckland,BM Halliday,P Catton,GES Sullivan,0,0,,,,,,"",""
ball,1,7.1,Auckland,P Catton,BM Halliday,SR Asmussen,4,0,,,,,,"",""
ball,1,7.2,Auckland,P Catton,BM Halliday,SR Asmussen,0,0,,,,,,"",""
ball,1,7.3,Auckland,P Catton,BM Halliday,SR Asmussen,0,0,,,,,,"",""
ball,1,7.4,Auckland,P Catton,BM Halliday,SR Asmussen,6,0,,,,,,"",""
ball,1,7.5,Auckland,P Catton,BM Halliday,SR Asmussen,0,0,,,,,,"",""
ball,1,7.6,Auckland,P Catton,BM Halliday,SR Asmussen,0,1,1,,,,,"",""
ball,1,7.7,Auckland,P Catton,BM Halliday,SR Asmussen,0,0,,,,,,"",""
ball,1,8.1,Auckland,BM Halliday,P Catton,GES Sullivan,4,0,,,,,,"",""
ball,1,8.2,Auckland,BM Halliday,P Catton,GES Sullivan,1,0,,,,,,"",""
ball,1,8.3,Auckland,P Catton,BM Halliday,GES Sullivan,1,0,,,,,,"",""
ball,1,8.4,Auckland,BM Halliday,P Catton,GES Sullivan,2,0,,,,,,"",""
ball,1,8.5,Auckland,BM Halliday,P Catton,GES Sullivan,1,0,,,,,,"",""
ball,1,8.6,Auckland,P Catton,BM Halliday,GES Sullivan,1,0,,,,,,"",""
ball,1,9.1,Auckland,P Catton,BM Halliday,SR Asmussen,1,0,,,,,,"",""
ball,1,9.2,Auckland,BM Halliday,P Catton,SR Asmussen,0,0,,,,,,"",""
ball,1,9.3,Auckland,BM Halliday,P Catton,SR Asmussen,0,1,1,,,,,"",""
ball,1,9.4,Auckland,BM Halliday,P Catton,SR Asmussen,2,0,,,,,,"",""
ball,1,9.5,Auckland,BM Halliday,P Catton,SR Asmussen,1,0,,,,,,"",""
ball,1,9.6,Auckland,P Catton,BM Halliday,SR Asmussen,0,0,,,,,,"",""
ball,1,9.7,Auckland,P Catton,BM Halliday,SR Asmussen,1,0,,,,,,"",""
ball,1,10.1,Auckland,P Catton,BM Halliday,LMM Tahuhu,1,0,,,,,,"",""
ball,1,10.2,Auckland,BM Halliday,P Catton,LMM Tahuhu,0,0,,,,,,"",""
ball,1,10.3,Auckland,BM Halliday,P Catton,LMM Tahuhu,1,0,,,,,,"",""
ball,1,10.4,Auckland,P Catton,BM Halliday,LMM Tahuhu,4,0,,,,,,"",""
ball,1,10.5,Auckland,P Catton,BM Halliday,LMM Tahuhu,4,0,,,,,,"",""
ball,1,10.6,Auckland,P Catton,BM Halliday,LMM Tahuhu,1,0,,,,,,"",""
ball,1,11.1,Auckland,P Catton,BM Halliday,AG Hotton,1,0,,,,,,"",""
ball,1,11.2,Auckland,BM Halliday,P Catton,AG Hotton,4,0,,,,,,"",""
ball,1,11.3,Auckland,BM Halliday,P Catton,AG Hotton,0,0,,,,,,"",""
ball,1,11.4,Auckland,BM Halliday,P Catton,AG Hotton,1,0,,,,,,"",""
ball,1,11.5,Auckland,P Catton,BM Halliday,AG Hotton,0,0,,,,,,"",""
ball,1,11.6,Auckland,P Catton,BM Halliday,AG Hotton,0,1,1,,,,,"",""
ball,1,11.7,Auckland,P Catton,BM Halliday,AG Hotton,1,0,,,,,,"",""
ball,1,12.1,Auckland,P Catton,BM Halliday,SR Asmussen,1,0,,,,,,"",""
ball,1,12.2,Auckland,BM Halliday,P Catton,SR Asmussen,1,0,,,,,,"",""
ball,1,12.3,Auckland,P Catton,BM Halliday,SR Asmussen,0,0,,,,,,"",""
ball,1,12.4,Auckland,P Catton,BM Halliday,SR Asmussen,0,0,,,,,,stumped,P Catton
ball,1,12.5,Auckland,ML Green,BM Halliday,SR Asmussen,4,0,,,,,,"",""
ball,1,12.6,Auckland,ML Green,BM Halliday,SR Asmussen,4,0,,,,,,"",""
ball,1,13.1,Auckland,BM Halliday,ML Green,MJ Banks,1,0,,,,,,"",""
ball,1,13.2,Auckland,ML Green,BM Halliday,MJ Banks,1,0,,,,,,"",""
ball,1,13.3,Auckland,BM Halliday,ML Green,MJ Banks,1,0,,,,,,"",""
ball,1,13.4,Auckland,ML Green,BM Halliday,MJ Banks,1,0,,,,,,"",""
ball,1,13.5,Auckland,BM Halliday,ML Green,MJ Banks,1,0,,,,,,"",""
ball,1,13.6,Auckland,ML Green,BM Halliday,MJ Banks,1,0,,,,,,"",""
ball,1,14.1,Auckland,ML Green,BM Halliday,AG Hotton,0,0,,,,,,caught,ML Green
ball,1,14.2,Auckland,BG Armstrong,BM Halliday,AG Hotton,0,0,,,,,,"",""
ball,1,14.3,Auckland,BG Armstrong,BM Halliday,AG Hotton,4,0,,,,,,"",""
ball,1,14.4,Auckland,BG Armstrong,BM Halliday,AG Hotton,2,0,,,,,,"",""
ball,1,14.5,Auckland,BG Armstrong,BM Halliday,AG Hotton,1,0,,,,,,"",""
ball,1,14.6,Auckland,BM Halliday,BG Armstrong,AG Hotton,1,0,,,,,,"",""
ball,1,15.1,Auckland,BM Halliday,BG Armstrong,GES Sullivan,1,0,,,,,,"",""
ball,1,15.2,Auckland,BG Armstrong,BM Halliday,GES Sullivan,1,0,,,,,,"",""
ball,1,15.3,Auckland,BM Halliday,BG Armstrong,GES Sullivan,0,0,,,,,,"",""
ball,1,15.4,Auckland,BM Halliday,BG Armstrong,GES Sullivan,0,0,,,,,,"",""
ball,1,15.5,Auckland,BM Halliday,BG Armstrong,GES Sullivan,2,0,,,,,,"",""
ball,1,15.6,Auckland,BM Halliday,BG Armstrong,GES Sullivan,2,0,,,,,,"",""
ball,1,16.1,Auckland,BG Armstrong,BM Halliday,LMM Tahuhu,4,0,,,,,,"",""
ball,1,16.2,Auckland,BG Armstrong,BM Halliday,LMM Tahuhu,2,0,,,,,,"",""
ball,1,16.3,Auckland,BG Armstrong,BM Halliday,LMM Tahuhu,1,0,,,,,,"",""
ball,1,16.4,Auckland,BM Halliday,BG Armstrong,LMM Tahuhu,4,0,,,,,,"",""
ball,1,16.5,Auckland,BM Halliday,BG Armstrong,LMM Tahuhu,1,0,,,,,,"",""
ball,1,16.6,Auckland,BG Armstrong,BM Halliday,LMM Tahuhu,4,0,,,,,,"",""
ball,1,17.1,Auckland,BM Halliday,BG Armstrong,GES Sullivan,2,0,,,,,,"",""
ball,1,17.2,Auckland,BM Halliday,BG Armstrong,GES Sullivan,1,0,,,,,,"",""
ball,1,17.3,Auckland,BG Armstrong,BM Halliday,GES Sullivan,0,0,,,,,,caught,BG Armstrong
ball,1,17.4,Auckland,LR Down,BM Halliday,GES Sullivan,0,0,,,,,,"",""
ball,1,17.5,Auckland,LR Down,BM Halliday,GES Sullivan,1,0,,,,,,"",""
ball,1,17.6,Auckland,BM Halliday,LR Down,GES Sullivan,1,0,,,,,,"",""
ball,1,18.1,Auckland,BM Halliday,LR Down,AG Hotton,2,0,,,,,,"",""
ball,1,18.2,Auckland,BM Halliday,LR Down,AG Hotton,1,0,,,,,,"",""
ball,1,18.3,Auckland,LR Down,BM Halliday,AG Hotton,4,0,,,,,,"",""
ball,1,18.4,Auckland,LR Down,BM Halliday,AG Hotton,0,0,,,,,,caught,LR Down
ball,1,18.5,Auckland,JO Penfold,BM Halliday,AG Hotton,0,0,,,,,,"",""
ball,1,18.6,Auckland,JO Penfold,BM Halliday,AG Hotton,4,0,,,,,,"",""
ball,1,19.1,Auckland,BM Halliday,JO Penfold,MJ Banks,4,0,,,,,,"",""
ball,1,19.2,Auckland,BM Halliday,JO Penfold,MJ Banks,1,0,,,,,,"",""
ball,1,19.3,Auckland,JO Penfold,BM Halliday,MJ Banks,0,0,,,,,,"",""
ball,1,19.4,Auckland,JO Penfold,BM Halliday,MJ Banks,1,0,,,,,,"",""
ball,1,19.5,Auckland,BM Halliday,JO Penfold,MJ Banks,0,0,,,,,,caught,BM Halliday
ball,1,19.6,Auckland,A Lambat,JO Penfold,MJ Banks,1,0,,,,,,"",""
ball,2,0.1,Canterbury,KG Anderson,KP Irwin,BG Illing,0,0,,,,,,"",""
ball,2,0.2,Canterbury,KG Anderson,KP Irwin,BG Illing,0,0,,,,,,"",""
ball,2,0.3,Canterbury,KG Anderson,KP Irwin,BG Illing,0,0,,,,,,"",""
ball,2,0.4,Canterbury,KG Anderson,KP Irwin,BG Illing,1,0,,,,,,"",""
ball,2,0.5,Canterbury,KP Irwin,KG Anderson,BG Illing,0,0,,,,,,"",""
ball,2,0.6,Canterbury,KP Irwin,KG Anderson,BG Illing,0,0,,,,,,bowled,KP Irwin
ball,2,1.1,Canterbury,KG Anderson,IG Sharp,AT Hucker,0,0,,,,,,"",""
ball,2,1.2,Canterbury,KG Anderson,IG Sharp,AT Hucker,0,0,,,,,,"",""
ball,2,1.3,Canterbury,KG Anderson,IG Sharp,AT Hucker,1,0,,,,,,"",""
ball,2,1.4,Canterbury,IG Sharp,KG Anderson,AT Hucker,0,0,,,,,,"",""
ball,2,1.5,Canterbury,IG Sharp,KG Anderson,AT Hucker,1,0,,,,,,"",""
ball,2,1.6,Canterbury,KG Anderson,IG Sharp,AT Hucker,0,1,1,,,,,"",""
ball,2,1.7,Canterbury,KG Anderson,IG Sharp,AT Hucker,0,0,,,,,,"",""
ball,2,2.1,Canterbury,IG Sharp,KG Anderson,BG Illing,0,0,,,,,,"",""
ball,2,2.2,Canterbury,IG Sharp,KG Anderson,BG Illing,1,0,,,,,,"",""
ball,2,2.3,Canterbury,KG Anderson,IG Sharp,BG Illing,1,0,,,,,,"",""
ball,2,2.4,Canterbury,IG Sharp,KG Anderson,BG Illing,0,0,,,,,,"",""
ball,2,2.5,Canterbury,IG Sharp,KG Anderson,BG Illing,0,0,,,,,,"",""
ball,2,2.6,Canterbury,IG Sharp,KG Anderson,BG Illing,1,0,,,,,,"",""
ball,2,3.1,Canterbury,IG Sharp,KG Anderson,BG Armstrong,0,1,1,,,,,"",""
ball,2,3.2,Canterbury,IG Sharp,KG Anderson,BG Armstrong,0,0,,,,,,"",""
ball,2,3.3,Canterbury,IG Sharp,KG Anderson,BG Armstrong,0,0,,,,,,"",""
ball,2,3.4,Canterbury,IG Sharp,KG Anderson,BG Armstrong,1,0,,,,,,"",""
ball,2,3.5,Canterbury,KG Anderson,IG Sharp,BG Armstrong,1,0,,,,,,"",""
ball,2,3.6,Canterbury,IG Sharp,KG Anderson,BG Armstrong,1,0,,,,,,"",""
ball,2,3.7,Canterbury,KG Anderson,IG Sharp,BG Armstrong,0,0,,,,,,"",""
ball,2,4.1,Canterbury,IG Sharp,KG Anderson,BG Illing,1,0,,,,,,"",""
ball,2,4.2,Canterbury,KG Anderson,IG Sharp,BG Illing,0,0,,,,,,lbw,KG Anderson
ball,2,4.3,Canterbury,J Dean,IG Sharp,BG Illing,0,0,,,,,,"",""
ball,2,4.4,Canterbury,J Dean,IG Sharp,BG Illing,0,0,,,,,,"",""
ball,2,4.5,Canterbury,J Dean,IG Sharp,BG Illing,0,0,,,,,,"",""
ball,2,4.6,Canterbury,J Dean,IG Sharp,BG Illing,0,0,,,,,,"",""
ball,2,5.1,Canterbury,IG Sharp,J Dean,AT Hucker,0,0,,,,,,"",""
ball,2,5.2,Canterbury,IG Sharp,J Dean,AT Hucker,1,0,,,,,,"",""
ball,2,5.3,Canterbury,J Dean,IG Sharp,AT Hucker,1,0,,,,,,"",""
ball,2,5.4,Canterbury,IG Sharp,J Dean,AT Hucker,4,0,,,,,,"",""
ball,2,5.5,Canterbury,IG Sharp,J Dean,AT Hucker,2,0,,,,,,"",""
ball,2,5.6,Canterbury,IG Sharp,J Dean,AT Hucker,0,0,,,,,,"",""
ball,2,6.1,Canterbury,J Dean,IG Sharp,MM Penfold,0,0,,,,,,"",""
ball,2,6.2,Canterbury,J Dean,IG Sharp,MM Penfold,0,1,1,,,,,"",""
ball,2,6.3,Canterbury,J Dean,IG Sharp,MM Penfold,1,0,,,,,,"",""
ball,2,6.4,Canterbury,IG Sharp,J Dean,MM Penfold,0,0,,,,,,"",""
ball,2,6.5,Canterbury,IG Sharp,J Dean,MM Penfold,6,0,,,,,,"",""
ball,2,6.6,Canterbury,IG Sharp,J Dean,MM Penfold,0,0,,,,,,"",""
ball,2,6.7,Canterbury,IG Sharp,J Dean,MM Penfold,1,0,,,,,,"",""
ball,2,7.1,Canterbury,IG Sharp,J Dean,BG Armstrong,1,0,,,,,,"",""
ball,2,7.2,Canterbury,J Dean,IG Sharp,BG Armstrong,0,0,,,,,,"",""
ball,2,7.3,Canterbury,J Dean,IG Sharp,BG Armstrong,1,0,,,,,,"",""
ball,2,7.4,Canterbury,IG Sharp,J Dean,BG Armstrong,1,0,,,,,,"",""
ball,2,7.5,Canterbury,J Dean,IG Sharp,BG Armstrong,0,0,,,,,,caught,J Dean
ball,2,7.6,Canterbury,AG Gerken,IG Sharp,BG Armstrong,0,0,,,,,,"",""
ball,2,8.1,Canterbury,IG Sharp,AG Gerken,JO Penfold,1,0,,,,,,run out,AG Gerken
ball,2,8.2,Canterbury,DRH Prasad,IG Sharp,JO Penfold,0,0,,,,,,"",""
ball,2,8.3,Canterbury,DRH Prasad,IG Sharp,JO Penfold,0,0,,,,,,"",""
ball,2,8.4,Canterbury,DRH Prasad,IG Sharp,JO Penfold,0,1,1,,,,,"",""
ball,2,8.5,Canterbury,DRH Prasad,IG Sharp,JO Penfold,0,0,,,,,,"",""
ball,2,8.6,Canterbury,DRH Prasad,IG Sharp,JO Penfold,1,0,,,,,,"",""
ball,2,8.7,Canterbury,IG Sharp,DRH Prasad,JO Penfold,4,0,,,,,,"",""
ball,2,9.1,Canterbury,DRH Prasad,IG Sharp,BG Armstrong,0,0,,,,,,"",""
ball,2,9.2,Canterbury,DRH Prasad,IG Sharp,BG Armstrong,1,0,,,,,,"",""
ball,2,9.3,Canterbury,IG Sharp,DRH Prasad,BG Armstrong,4,0,,,,,,"",""
ball,2,9.4,Canterbury,IG Sharp,DRH Prasad,BG Armstrong,1,0,,,,,,"",""
ball,2,9.5,Canterbury,DRH Prasad,IG Sharp,BG Armstrong,0,0,,,,,,"",""
ball,2,9.6,Canterbury,DRH Prasad,IG Sharp,BG Armstrong,1,0,,,,,,"",""
ball,2,10.1,Canterbury,DRH Prasad,IG Sharp,MM Penfold,0,0,,,,,,"",""
ball,2,10.2,Canterbury,DRH Prasad,IG Sharp,MM Penfold,0,0,,,,,,"",""
ball,2,10.3,Canterbury,DRH Prasad,IG Sharp,MM Penfold,0,0,,,,,,caught,DRH Prasad
ball,2,10.4,Canterbury,LMM Tahuhu,IG Sharp,MM Penfold,0,0,,,,,,"",""
ball,2,10.5,Canterbury,LMM Tahuhu,IG Sharp,MM Penfold,0,0,,,,,,"",""
ball,2,10.6,Canterbury,LMM Tahuhu,IG Sharp,MM Penfold,0,0,,,,,,caught,LMM Tahuhu
ball,2,11.1,Canterbury,IG Sharp,MJ Banks,ML Green,1,0,,,,,,"",""
ball,2,11.2,Canterbury,MJ Banks,IG Sharp,ML Green,0,1,,,,1,,"",""
ball,2,11.3,Canterbury,IG Sharp,MJ Banks,ML Green,1,0,,,,,,"",""
ball,2,11.4,Canterbury,MJ Banks,IG Sharp,ML Green,0,0,,,,,,"",""
ball,2,11.5,Canterbury,MJ Banks,IG Sharp,ML Green,0,0,,,,,,"",""
ball,2,11.6,Canterbury,MJ Banks,IG Sharp,ML Green,2,0,,,,,,"",""
ball,2,12.1,Canterbury,IG Sharp,MJ Banks,BG Illing,1,0,,,,,,"",""
ball,2,12.2,Canterbury,MJ Banks,IG Sharp,BG Illing,0,0,,,,,,"",""
ball,2,12.3,Canterbury,MJ Banks,IG Sharp,BG Illing,0,1,1,,,,,"",""
ball,2,12.4,Canterbury,MJ Banks,IG Sharp,BG Illing,1,0,,,,,,"",""
ball,2,12.5,Canterbury,IG Sharp,MJ Banks,BG Illing,1,0,,,,,,"",""
ball,2,12.6,Canterbury,MJ Banks,IG Sharp,BG Illing,0,0,,,,,,"",""
ball,2,12.7,Canterbury,MJ Banks,IG Sharp,BG Illing,1,0,,,,,,"",""
ball,2,13.1,Canterbury,MJ Banks,IG Sharp,BG Armstrong,0,0,,,,,,"",""
ball,2,13.2,Canterbury,MJ Banks,IG Sharp,BG Armstrong,4,0,,,,,,"",""
ball,2,13.3,Canterbury,MJ Banks,IG Sharp,BG Armstrong,0,0,,,,,,"",""
ball,2,13.4,Canterbury,MJ Banks,IG Sharp,BG Armstrong,1,0,,,,,,"",""
ball,2,13.5,Canterbury,IG Sharp,MJ Banks,BG Armstrong,1,0,,,,,,"",""
ball,2,13.6,Canterbury,MJ Banks,IG Sharp,BG Armstrong,0,0,,,,,,"",""
ball,2,14.1,Canterbury,IG Sharp,MJ Banks,JO Penfold,1,0,,,,,,"",""
ball,2,14.2,Canterbury,MJ Banks,IG Sharp,JO Penfold,4,0,,,,,,"",""
ball,2,14.3,Canterbury,MJ Banks,IG Sharp,JO Penfold,0,1,,,,1,,"",""
ball,2,14.4,Canterbury,IG Sharp,MJ Banks,JO Penfold,0,0,,,,,,"",""
ball,2,14.5,Canterbury,IG Sharp,MJ Banks,JO Penfold,1,0,,,,,,"",""
ball,2,14.6,Canterbury,MJ Banks,IG Sharp,JO Penfold,0,0,,,,,,"",""
ball,2,15.1,Canterbury,IG Sharp,MJ Banks,ML Green,2,0,,,,,,"",""
ball,2,15.2,Canterbury,IG Sharp,MJ Banks,ML Green,0,0,,,,,,"",""
ball,2,15.3,Canterbury,IG Sharp,MJ Banks,ML Green,1,0,,,,,,"",""
ball,2,15.4,Canterbury,MJ Banks,IG Sharp,ML Green,1,0,,,,,,"",""
ball,2,15.5,Canterbury,IG Sharp,MJ Banks,ML Green,0,0,,,,,,caught,IG Sharp
ball,2,15.6,Canterbury,AG Hotton,MJ Banks,ML Green,0,1,1,,,,,"",""
ball,2,15.7,Canterbury,AG Hotton,MJ Banks,ML Green,0,0,,,,,,"",""
ball,2,16.1,Canterbury,MJ Banks,AG Hotton,MM Penfold,0,0,,,,,,"",""
ball,2,16.2,Canterbury,MJ Banks,AG Hotton,MM Penfold,1,0,,,,,,"",""
ball,2,16.3,Canterbury,AG Hotton,MJ Banks,MM Penfold,0,0,,,,,,"",""
ball,2,16.4,Canterbury,AG Hotton,MJ Banks,MM Penfold,4,0,,,,,,"",""
ball,2,16.5,Canterbury,AG Hotton,MJ Banks,MM Penfold,0,0,,,,,,"",""
ball,2,16.6,Canterbury,AG Hotton,MJ Banks,MM Penfold,0,0,,,,,,caught,AG Hotton
ball,2,17.1,Canterbury,MJ Banks,GES Sullivan,A Lambat,0,0,,,,,,"",""
ball,2,17.2,Canterbury,MJ Banks,GES Sullivan,A Lambat,0,0,,,,,,bowled,MJ Banks
ball,2,17.3,Canterbury,SR Asmussen,GES Sullivan,A Lambat,0,0,,,,,,"",""
ball,2,17.4,Canterbury,SR Asmussen,GES Sullivan,A Lambat,0,0,,,,,,"",""
ball,2,17.5,Canterbury,SR Asmussen,GES Sullivan,A Lambat,0,0,,,,,,"",""
ball,2,17.6,Canterbury,SR Asmussen,GES Sullivan,A Lambat,0,0,,,,,,"",""
ball,2,18.1,Canterbury,GES Sullivan,SR Asmussen,MM Penfold,0,0,,,,,,"",""
ball,2,18.2,Canterbury,GES Sullivan,SR Asmussen,MM Penfold,1,0,,,,,,"",""
ball,2,18.3,Canterbury,SR Asmussen,GES Sullivan,MM Penfold,4,0,,,,,,"",""
ball,2,18.4,Canterbury,SR Asmussen,GES Sullivan,MM Penfold,0,0,,,,,,"",""
ball,2,18.5,Canterbury,SR Asmussen,GES Sullivan,MM Penfold,0,0,,,,,,"",""
ball,2,18.6,Canterbury,SR Asmussen,GES Sullivan,MM Penfold,1,0,,,,,,"",""
ball,2,19.1,Canterbury,SR Asmussen,GES Sullivan,A Lambat,0,0,,,,,,"",""
ball,2,19.2,Canterbury,SR Asmussen,GES Sullivan,A Lambat,2,0,,,,,,"",""
ball,2,19.3,Canterbury,SR Asmussen,GES Sullivan,A Lambat,4,0,,,,,,"",""
ball,2,19.4,Canterbury,SR Asmussen,GES Sullivan,A Lambat,0,0,,,,,,caught,SR Asmussen
